,Id,R,Nome,Squadra,Qt.A,Qt.I,Diff.,Qt.A M,Qt.I M,Diff.M,FVM,FVM M,Prezzo,Kap.,350K (8),350K (10),500K (8),500K (10),Titolarita,Bonus,Nome2
0,Sommer-Inter,P,Sommer,Inter,19.0,18.0,1.0,19.0,18.0,1.0,110.0,110.0,33.0,23.0,50.8,58.42,53.36,58.05,90.0,0.0,Yann
1,Gregorio-Juventus,P,Di Gregorio,Juventus,18.0,17.0,1.0,18.0,17.0,1.0,110.0,110.0,33.0,21.0,45.55,52.73,41.28,53.65,80.0,0.0,Michele
2,Meret-Napoli,P,Meret,Napoli,15.0,15.0,0.0,15.0,15.0,0.0,75.0,75.0,27.0,16.0,28.74,32.56,30.07,33.62,80.0,0.0,Alex
3,Maignan-Milan,P,Maignan,Milan,14.0,15.0,-1.0,14.0,15.0,-1.0,71.0,71.0,27.0,18.0,29.02,34.92,28.81,37.84,90.0,0.0,Mike
4,Svilar-Roma,P,Svilar,Roma,14.0,13.0,1.0,14.0,13.0,1.0,70.0,70.0,24.0,17.0,24.74,25.93,24.27,28.55,80.0,0.0,Mile
5,Skorupski-Bologna,P,Skorupski,Bologna,12.0,11.0,1.0,12.0,11.0,1.0,50.0,50.0,12.0,16.0,18.85,21.65,17.5,21.9,80.0,0.0,Lukasz
6,Milinkovic-Torino,P,Milinkovic-Savic V.,Torino,12.0,10.0,2.0,12.0,10.0,2.0,52.0,52.0,15.0,15.0,19.71,20.64,16.5,21.28,80.0,0.0,Vanja
7,Carnesecchi-Atalanta,P,Carnesecchi,Atalanta,12.0,13.0,-1.0,12.0,13.0,-1.0,54.0,54.0,21.0,15.0,21.47,27.96,20.64,27.2,75.0,0.0,Marco
8,Provedel-Lazio,P,Provedel,Lazio,11.0,12.0,-1.0,11.0,12.0,-1.0,60.0,60.0,18.0,16.0,18.29,22.94,21.23,23.36,85.0,0.0,Ivan
9,Terracciano-Fiorentina,P,Terracciano,Fiorentina,11.0,11.0,0.0,11.0,11.0,0.0,20.0,20.0,0.5,15.0,17.05,18.55,14.82,19.09,65.0,0.0,Pietro
10,Gollini-Genoa,P,Gollini,Genoa,10.0,10.0,0.0,10.0,10.0,0.0,34.0,34.0,12.0,10.0,12.75,13.16,10.04,13.01,80.0,0.0,Pierluigi
11,Gea-Fiorentina,P,De Gea,Fiorentina,10.0,11.0,-1.0,10.0,11.0,-1.0,29.0,29.0,15.0,13.0,21.49,24.54,18.84,21.33,70.0,0.0,David
12,Falcone-Lecce,P,Falcone,Lecce,9.0,9.0,0.0,9.0,9.0,0.0,33.0,33.0,12.0,11.0,13.55,16.6,10.19,14.98,85.0,0.0,Wladimiro
13,Scuffet-Cagliari,P,Scuffet,Cagliari,8.0,7.0,1.0,8.0,7.0,1.0,32.0,32.0,1.0,12.0,14.42,15.04,11.55,14.73,75.0,0.0,Simone
14,Audero-Como,P,Audero,Como,8.0,9.0,-1.0,8.0,9.0,-1.0,18.0,18.0,6.0,11.0,12.48,12.89,,6.36,75.0,0.0,Emil
15,Turati-Monza,P,Turati,Monza,8.0,8.0,0.0,8.0,8.0,0.0,23.0,23.0,1.0,10.0,11.31,13.88,9.71,12.33,75.0,0.0,Stefano
16,Montipo-Verona,P,Montipo',Verona,8.0,7.0,1.0,8.0,7.0,1.0,33.0,33.0,3.0,12.0,13.74,16.76,11.43,14.31,90.0,0.0,MONTIPO'Lorenzo
17,Okoye-Udinese,P,Okoye,Udinese,8.0,7.0,1.0,8.0,7.0,1.0,35.0,35.0,9.0,12.0,13.66,16.98,14.99,16.61,75.0,0.0,Maduka
18,Joronen-Venezia,P,Joronen,Venezia,7.0,6.0,1.0,7.0,6.0,1.0,21.0,21.0,1.0,11.0,,12.44,,5.83,85.0,0.0,Jesse
19,Vasquez-Empoli,P,Vasquez D.,Empoli,7.0,5.0,2.0,7.0,5.0,2.0,14.0,14.0,1.0,11.0,,11.99,,5.94,80.0,0.0,Devis
20,Suzuki-Parma,P,Suzuki,Parma,7.0,7.0,0.0,7.0,7.0,0.0,22.0,22.0,3.0,12.0,13.55,13.81,12.72,15.21,80.0,0.0,Zion
21,Reina-Como,P,Reina,Como,3.0,2.0,1.0,3.0,2.0,1.0,12.0,12.0,0.5,3.0,1.35,9.76,,1.77,45.0,0.0,Pepe
22,Pizzignacco-Monza,P,Pizzignacco,Monza,3.0,1.0,2.0,3.0,1.0,2.0,5.0,5.0,0.5,3.0,,3.32,,1.59,15.0,0.0,Semuel
23,Sportiello-Milan,P,Sportiello,Milan,1.0,1.0,0.0,1.0,1.0,0.0,1.0,1.0,0.5,1.0,1.52,1.74,0.98,1.21,20.0,0.0,Marco
24,Leali-Genoa,P,Leali,Genoa,1.0,1.0,0.0,1.0,1.0,0.0,1.0,1.0,0.5,2.0,,1.01,,1.518038342235727,15.0,0.0,Nicola
25,Donnarumma-Torino,P,Donnarumma An.,Torino,1.0,1.0,0.0,1.0,1.0,0.0,1.0,1.0,0.5,1.0,,1.12,,0.44,20.0,0.0,Antonio
26,Perin-Juventus,P,Perin,Juventus,1.0,2.0,-1.0,1.0,2.0,-1.0,3.0,3.0,0.5,4.0,3.39,3.42,1.74,2.52,40.0,0.0,Mattia
27,Sommariva-Genoa,P,Sommariva,Genoa,1.0,1.0,0.0,1.0,1.0,0.0,1.0,1.0,0.5,1.0,,1.26,,1.0088872819740327,10.0,0.0,Daniele
28,Perilli-Verona,P,Perilli,Verona,1.0,1.0,0.0,1.0,1.0,0.0,1.0,1.0,0.5,1.0,,,,1.06,15.0,0.0,Simone
29,Padelli-Udinese,P,Padelli,Udinese,1.0,1.0,0.0,1.0,1.0,0.0,1.0,1.0,0.5,1.0,,1.26,,0.53,10.0,0.0,Daniele
30,Perisan-Empoli,P,Perisan,Empoli,1.0,1.0,0.0,1.0,1.0,0.0,1.0,1.0,0.5,2.0,,1.26,,1.518038342235727,25.0,0.0,Samuele
31,Gennaro-Inter,P,Di Gennaro,Inter,1.0,1.0,0.0,1.0,1.0,0.0,1.0,1.0,0.5,1.0,3.82,3.42,,0.51,10.0,0.0,Raffaele
32,Pinsoglio-Juventus,P,Pinsoglio,Juventus,1.0,1.0,0.0,1.0,1.0,0.0,1.0,1.0,0.5,1.0,3.87,3.47,0.94,1.2,10.0,0.0,Carlo
33,Cragno-Monza,P,Cragno,Monza,1.0,1.0,0.0,1.0,1.0,0.0,1.0,1.0,0.5,3.0,,1.08,,2.1356285136634687,45.0,0.0,Alessio
34,Rossi-Atalanta,P,Rossi F.,Atalanta,1.0,1.0,0.0,1.0,1.0,0.0,1.0,1.0,0.5,1.0,,1.13,,0.53,10.0,0.0,Francesco
35,Fruchtl-Lecce,P,Fruchtl,Lecce,1.0,1.0,0.0,1.0,1.0,0.0,1.0,1.0,0.5,1.0,,,,1.0088872819740327,30.0,0.0,Christian
36,Ravaglia-Bologna,P,Ravaglia F.,Bologna,1.0,1.0,0.0,1.0,1.0,0.0,1.0,1.0,0.5,2.0,2.31,2.36,,0.88,25.0,0.0,Federico
37,Vigorito-Como,P,Vigorito,Como,1.0,1.0,0.0,1.0,1.0,0.0,1.0,1.0,0.5,1.0,,,,1.0088872819740327,25.0,0.0,Mauro
38,Contini-Napoli,P,Contini,Napoli,1.0,1.0,0.0,1.0,1.0,0.0,1.0,1.0,0.5,1.0,,1.13,,0.5,10.0,0.0,Nikita
39,Patricio-Atalanta,P,Rui Patricio,Atalanta,1.0,1.0,0.0,1.0,1.0,0.0,1.0,1.0,0.5,2.0,3.36,3.21,1.03,1.45,35.0,0.0,-
40,Brancolini-Empoli,P,Brancolini,Empoli,1.0,1.0,0.0,1.0,1.0,0.0,1.0,1.0,0.5,1.0,,,,1.0088872819740327,15.0,0.0,Federico
41,Caprile-Napoli,P,Caprile,Napoli,1.0,2.0,-1.0,1.0,2.0,-1.0,3.0,3.0,0.5,4.0,2.97,3.05,1.23,2.36,20.0,0.0,Elia
42,Berardi-Verona,P,Berardi A.,Verona,1.0,1.0,0.0,1.0,1.0,0.0,1.0,1.0,0.5,1.0,,,,1.06,10.0,0.0,Alessandro
43,Ciocci-Cagliari,P,Ciocci,Cagliari,1.0,1.0,0.0,1.0,1.0,0.0,1.0,1.0,0.5,1.0,,1.15,,1.0088872819740327,10.0,0.0,Giuseppe
44,Martinez2-Inter,P,Martinez Jo.,Inter,1.0,2.0,-1.0,1.0,2.0,-1.0,3.0,3.0,0.5,3.0,1.57,2.78,1.45,2.33,40.0,0.0,Josep
47,Martinez-Inter,A,Martinez L.,Inter,38.0,41.0,-3.0,39.0,42.0,-3.0,402.0,402.0,105.0,49.0,164.38,193.27,152.6,174.57,85.0,21.5,Lautaro
48,Paleari-Torino,P,Paleari,Torino,1.0,1.0,0.0,1.0,1.0,0.0,1.0,1.0,0.5,1.0,,1.14,,1.0088872819740327,10.0,0.0,Alberto
49,Ryan-Roma,P,Ryan,Roma,1.0,1.0,0.0,1.0,1.0,0.0,1.0,1.0,0.5,1.0,3.8,3.35,1.48,1.58,30.0,0.0,Mathew
50,Bertinato-Venezia,P,Bertinato,Venezia,1.0,1.0,0.0,1.0,1.0,0.0,1.0,1.0,0.5,1.0,,,,1.0088872819740327,10.0,0.0,Bruno
51,Bagnolini-Bologna,P,Bagnolini,Bologna,1.0,1.0,0.0,1.0,1.0,0.0,1.0,1.0,0.5,1.0,,1.26,,1.0088872819740327,10.0,0.0,Nicola
52,Martinelli-Fiorentina,P,Martinelli T.,Fiorentina,1.0,1.0,0.0,1.0,1.0,0.0,1.0,1.0,0.5,1.0,,,,1.0088872819740327,10.0,0.0,Tomasso
53,Stankovic-Venezia,P,Stankovic F.,Venezia,1.0,1.0,0.0,1.0,1.0,0.0,1.0,1.0,0.5,1.0,,,,1.06,25.0,0.0,Filip
54,Christensen-Fiorentina,P,Christensen O.,Fiorentina,1.0,1.0,0.0,1.0,1.0,0.0,1.0,1.0,0.5,3.0,,1.12,,2.65,35.0,0.0,Oliver
55,Furlanetto-Lazio,P,Furlanetto,Lazio,1.0,1.0,0.0,1.0,1.0,0.0,1.0,1.0,0.5,1.0,,1.12,,0.5,10.0,0.0,Alessio
56,Mandas-Lazio,P,Mandas,Lazio,1.0,1.0,0.0,1.0,1.0,0.0,1.0,1.0,0.5,1.0,2.32,2.22,1.3,1.44,25.0,0.0,Christos
57,Nava-Milan,P,Nava,Milan,1.0,1.0,0.0,1.0,1.0,0.0,1.0,1.0,0.5,1.0,1.75,1.88,,0.53,10.0,0.0,Lapo
58,Samooja-Lecce,P,Samooja,Lecce,1.0,1.0,0.0,1.0,1.0,0.0,1.0,1.0,0.5,1.0,,,,1.0088872819740327,10.0,0.0,Jasper
59,Sherri-Cagliari,P,Sherri,Cagliari,1.0,1.0,0.0,1.0,1.0,0.0,1.0,1.0,0.5,1.0,,1.2,,1.0088872819740327,25.0,0.0,Alen
60,Chichizola-Parma,P,Chichizola,Parma,1.0,1.0,0.0,1.0,1.0,0.0,1.0,1.0,0.5,1.0,,0.87,,1.0088872819740327,15.0,0.0,Leandro
61,Corvi-Parma,P,Corvi,Parma,1.0,1.0,0.0,1.0,1.0,0.0,1.0,1.0,0.5,1.0,,1.26,,1.0088872819740327,15.0,0.0,Edoardo
62,Grandi-Venezia,P,Grandi,Venezia,1.0,1.0,0.0,1.0,1.0,0.0,1.0,1.0,0.5,1.0,,,,1.0088872819740327,10.0,0.0,Matteo
63,Torriani-Milan,P,Torriani,Milan,1.0,1.0,0.0,1.0,1.0,0.0,1.0,1.0,0.5,1.0,4.65,4.07,,0.51,10.0,0.0,Lorenzo
64,Marin-Roma,P,Marin Re.,Roma,1.0,1.0,0.0,1.0,1.0,0.0,1.0,1.0,0.5,1.0,,1.09,,0.53,15.0,0.0,Renato
65,Sava-Udinese,P,Sava,Udinese,1.0,1.0,0.0,1.0,1.0,0.0,1.0,1.0,0.5,1.0,,,,1.0088872819740327,25.0,0.0,Razvan
66,Dimarco-Inter,D,Dimarco,Inter,24.0,24.0,0.0,23.0,23.0,0.0,100.0,95.0,36.0,24.0,37.37,45.47,44.72,51.91,80.0,12.5,Federico
67,Hernandez-Milan,D,Hernandez T.,Milan,20.0,20.0,0.0,20.0,20.0,0.0,84.0,84.0,33.0,21.0,35.91,42.94,38.11,45.01,90.0,18.5,Theo
68,Lorenzo-Napoli,D,Di Lorenzo,Napoli,18.0,18.0,0.0,20.0,20.0,0.0,78.0,88.0,18.0,23.0,27.6,33.44,21.78,28.18,85.0,10.0,Giovanni
69,Bastoni-Inter,D,Bastoni,Inter,16.0,16.0,0.0,16.0,16.0,0.0,52.0,52.0,18.0,19.0,25.15,30.18,30.52,34.75,85.0,4.5,Alessandro
70,Buongiorno-Napoli,D,Buongiorno,Napoli,16.0,16.0,0.0,16.0,16.0,0.0,57.0,57.0,22.0,17.0,22.83,27.42,19.86,25.98,80.0,2.5,Alessandro
71,Bremer-Juventus,D,Bremer,Juventus,16.0,16.0,0.0,16.0,16.0,0.0,62.0,62.0,21.0,19.0,27.14,32.37,23.67,31.54,80.0,7.5,Gleison
72,Dumfries-Inter,D,Dumfries,Inter,16.0,16.0,0.0,15.0,15.0,0.0,38.0,35.0,10.0,18.0,19.65,23.11,17.24,22.56,70.0,6.5,Denzel
73,Gosens-Fiorentina,D,Gosens,Fiorentina,14.0,13.0,1.0,13.0,12.0,1.0,55.0,50.0,13.0,19.0,29.14,31.73,36.17,38.52,70.0,9.0,Robin
74,Pavard-Inter,D,Pavard,Inter,14.0,14.0,0.0,15.0,15.0,0.0,40.0,45.0,21.0,17.0,21.99,26.66,20.77,25.11,80.0,5.0,Benjamin
75,Spinazzola-Napoli,D,Spinazzola,Napoli,13.0,13.0,0.0,12.0,12.0,0.0,38.0,35.0,12.0,17.0,18.63,18.75,20.21,20.52,75.0,6.5,Leonardo
76,Danilo-Juventus,D,Danilo,Juventus,13.0,14.0,-1.0,15.0,16.0,-1.0,25.0,35.0,7.0,17.0,18.94,23.27,15.85,21.56,75.0,7.0,-
77,Tomori-Milan,D,Tomori,Milan,13.0,14.0,-1.0,13.0,14.0,-1.0,41.0,41.0,12.0,17.0,18.1,18.85,17.0,23.26,80.0,2.5,Fikayo
78,Bellanova-Atalanta,D,Bellanova,Atalanta,13.0,13.0,0.0,12.0,12.0,0.0,45.0,40.0,21.0,17.0,23.48,28.66,22.92,29.03,75.0,10.0,Raoul
79,Ruggeri-Atalanta,D,Ruggeri,Atalanta,12.0,11.0,1.0,11.0,10.0,1.0,43.0,40.0,13.0,16.0,18.21,19.14,16.15,20.68,75.0,10.0,Matteo
80,Mancini-Roma,D,Mancini,Roma,11.0,10.0,1.0,11.0,10.0,1.0,28.0,28.0,7.0,15.0,19.95,23.21,15.11,20.86,75.0,9.5,Gianluca
81,Rrahmani-Napoli,D,Rrahmani,Napoli,11.0,11.0,0.0,11.0,11.0,0.0,26.0,26.0,12.0,16.0,18.38,22.29,17.59,21.03,85.0,8.0,Amir
82,Royal-Milan,D,Emerson Royal,Milan,11.0,12.0,-1.0,11.0,12.0,-1.0,37.0,45.0,3.0,16.0,17.23,18.75,13.67,19.03,75.0,5.5,Leite de Souza Júnior
83,Pavlovic-Milan,D,Pavlovic,Milan,11.0,10.0,1.0,11.0,10.0,1.0,34.0,34.0,10.0,17.0,20.73,25.85,20.88,27.2,75.0,3.5,Strahinja
84,Cambiaso-Juventus,D,Cambiaso,Juventus,11.0,9.0,2.0,12.0,10.0,2.0,58.0,67.0,18.0,17.0,23.07,28.7,24.69,31.04,70.0,7.5,Andrea
85,Acerbi-Inter,D,Acerbi,Inter,10.0,10.0,0.0,10.0,10.0,0.0,31.0,31.0,6.0,14.0,17.22,21.07,15.45,18.41,75.0,5.0,Francesco
86,Zappacosta-Atalanta,D,Zappacosta,Atalanta,10.0,9.0,1.0,9.0,8.0,1.0,28.0,25.0,0.5,17.0,18.6,19.19,15.03,19.46,75.0,11.0,Davide
87,Darmian-Inter,D,Darmian,Inter,10.0,8.0,2.0,10.0,9.0,1.0,21.0,24.0,7.0,13.0,14.69,15.76,12.91,16.29,70.0,6.5,Matteo
88,Angelino-Roma,D,Angelino,Roma,10.0,10.0,0.0,10.0,10.0,0.0,27.0,27.0,3.0,15.0,16.7,16.78,14.71,18.78,75.0,7.5,Jose
89,Hermoso-Roma,D,Hermoso,Roma,10.0,10.0,0.0,10.0,10.0,0.0,24.0,24.0,0.5,16.0,18.04,22.09,,10.95,,,Mario
90,Quarta-Fiorentina,D,Martinez Quarta,Fiorentina,10.0,11.0,-1.0,10.0,11.0,-1.0,32.0,32.0,6.0,15.0,19.65,22.88,14.23,18.3,75.0,2.5,Lucas
91,Kossounou-Atalanta,D,Kossounou,Atalanta,10.0,10.0,0.0,10.0,10.0,0.0,26.0,26.0,7.0,16.0,18.85,22.13,15.54,19.33,80.0,2.5,Odilon
92,Coco-Torino,D,Coco,Torino,10.0,8.0,2.0,10.0,8.0,2.0,25.0,25.0,10.0,16.0,18.35,22.29,15.74,18.21,80.0,0.0,Saul
93,Luperto-Cagliari,D,Luperto,Cagliari,9.0,8.0,1.0,9.0,8.0,1.0,14.0,14.0,5.0,14.0,16.16,19.95,12.96,17.66,80.0,0.0,Sebastiano
94,Romagnoli-Lazio,D,Romagnoli,Lazio,9.0,10.0,-1.0,9.0,10.0,-1.0,26.0,26.0,10.0,12.0,15.44,18.41,11.5,14.48,80.0,5.0,Alessio
95,Roberto-Como,D,Sergi Roberto,Como,9.0,9.0,0.0,9.0,9.0,0.0,18.0,18.0,6.0,13.0,14.18,17.66,12.89,15.39,80.0,5.5,Sergi
96,Ndicka-Roma,D,N'Dicka,Roma,9.0,8.0,1.0,9.0,8.0,1.0,20.0,20.0,2.0,15.0,16.91,17.07,15.01,19.2,65.0,3.5,Evan
97,Vasquez-Genoa,D,Vasquez,Genoa,9.0,9.0,0.0,10.0,10.0,0.0,16.0,18.0,9.0,13.0,15.33,18.89,12.64,16.36,75.0,2.5,Johan
98,Baschirotto-Lecce,D,Baschirotto,Lecce,9.0,9.0,0.0,10.0,10.0,0.0,19.0,19.0,0.5,13.0,14.79,18.44,12.79,16.84,85.0,8.0,Federico
99,Bijol-Udinese,D,Bijol,Udinese,9.0,8.0,1.0,9.0,8.0,1.0,20.0,20.0,7.0,12.0,13.54,14.31,12.5,15.95,80.0,8.5,Jaka
100,Augusto-Inter,D,Carlos Augusto,Inter,9.0,9.0,0.0,8.0,8.0,0.0,20.0,16.0,5.0,14.0,15.59,15.97,13.81,17.54,65.0,9.0,-
101,Dodo-Fiorentina,D,Dodo',Fiorentina,9.0,9.0,0.0,9.0,9.0,0.0,23.0,23.0,15.0,14.0,16.42,20.08,16.78,19.17,75.0,7.5,-
102,Biraghi-Fiorentina,D,Biraghi,Fiorentina,8.0,7.0,1.0,9.0,8.0,1.0,30.0,42.0,5.0,18.0,21.18,24.6,21.27,25.89,75.0,8.5,Cristiano
103,Hummels-Roma,D,Hummels,Roma,8.0,8.0,0.0,8.0,8.0,0.0,19.0,19.0,0.5,14.0,,12.66,,16.08610173632774,,,Mats
104,Varane-Como,D,Varane,Como,8.0,9.0,-1.0,8.0,9.0,-1.0,15.0,15.0,0.5,14.0,15.26,16.5,,7.25,85.0,3.5,Raphaël
105,Kolasinac-Atalanta,D,Kolasinac,Atalanta,8.0,9.0,-1.0,9.0,10.0,-1.0,21.0,25.0,6.0,13.0,15.0,18.28,13.04,16.54,75.0,3.5,Sead
106,Mina-Cagliari,D,Mina,Cagliari,8.0,8.0,0.0,8.0,8.0,0.0,16.0,16.0,3.0,12.0,14.36,17.4,11.13,14.01,80.0,2.5,Yerry
107,Miranda-Bologna,D,Miranda J.,Bologna,8.0,8.0,0.0,8.0,8.0,0.0,23.0,23.0,9.0,12.0,13.7,16.81,11.66,15.35,70.0,2.0,Juan
108,Ismajli-Empoli,D,Ismajli,Empoli,8.0,6.0,2.0,8.0,6.0,2.0,9.0,9.0,0.5,11.0,,12.54,,5.5,80.0,2.5,Ardian
109,Parisi-Fiorentina,D,Parisi,Fiorentina,8.0,8.0,0.0,8.0,8.0,0.0,15.0,15.0,0.5,10.0,,11.84,9.71,12.36,60.0,6.5,Fabiano
110,Casale-Bologna,D,Casale,Bologna,8.0,8.0,0.0,8.0,8.0,0.0,15.0,15.0,0.5,12.0,15.56,17.98,11.3,14.33,75.0,5.5,Nicolò
111,Pongracic-Fiorentina,D,Pongracic,Fiorentina,8.0,9.0,-1.0,8.0,9.0,-1.0,20.0,20.0,0.5,13.0,15.19,18.68,13.1,18.29,75.0,0.0,Marin
112,Holm-Bologna,D,Holm,Bologna,8.0,9.0,-1.0,8.0,9.0,-1.0,20.0,20.0,0.5,14.0,16.26,20.06,13.18,17.15,75.0,5.5,Emil
113,Gatti-Juventus,D,Gatti,Juventus,8.0,7.0,1.0,8.0,7.0,1.0,20.0,20.0,4.0,13.0,18.56,21.09,17.23,18.85,75.0,5.0,Federico
114,Gigot-Lazio,D,Gigot,Lazio,8.0,8.0,0.0,8.0,8.0,0.0,19.0,19.0,0.5,12.0,,12.32,,12.72,75.0,5.0,Samuel
115,Hien-Atalanta,D,Hien,Atalanta,8.0,8.0,0.0,8.0,8.0,0.0,21.0,21.0,7.0,14.0,15.47,18.99,13.82,18.03,70.0,2.5,Isak
116,Beukema-Bologna,D,Beukema,Bologna,8.0,7.0,1.0,8.0,7.0,1.0,16.0,16.0,3.0,12.0,14.33,17.52,11.13,14.15,70.0,2.5,Sam
117,Dossena-Como,D,Dossena,Como,8.0,8.0,0.0,8.0,8.0,0.0,14.0,14.0,3.0,14.0,16.08,20.06,22.96,24.06,80.0,0.0,Alberto
118,Tchatchoua-Verona,D,Tchatchoua,Verona,8.0,6.0,2.0,8.0,6.0,2.0,23.0,23.0,0.5,13.0,14.73,18.23,12.83,15.09,75.0,6.5,Jackson
119,Masina-Torino,D,Masina,Torino,7.0,6.0,1.0,8.0,7.0,1.0,12.0,14.0,0.5,7.0,1.16,2.54,1.0,3.41,60.0,3.5,Adam
120,Vrij-Inter,D,De Vrij,Inter,7.0,8.0,-1.0,7.0,8.0,-1.0,18.0,18.0,0.5,11.0,12.29,12.34,,6.0,60.0,5.0,Stefan
121,Pezzella-Empoli,D,Pezzella Giu.,Empoli,7.0,5.0,2.0,7.0,5.0,2.0,7.0,7.0,0.5,9.0,5.44,5.49,,8.35,70.0,6.5,Giuseppe
122,Djimsiti-Atalanta,D,Djimsiti,Atalanta,7.0,8.0,-1.0,7.0,8.0,-1.0,18.0,18.0,0.5,14.0,16.21,16.65,13.6,17.94,80.0,5.0,Berat
123,Sabelli-Genoa,D,Sabelli,Genoa,7.0,6.0,1.0,8.0,7.0,1.0,8.0,10.0,0.5,11.0,,12.17,10.19,13.21,65.0,3.0,Stefano
124,Bani-Genoa,D,Bani,Genoa,7.0,7.0,0.0,7.0,7.0,0.0,14.0,14.0,0.5,11.0,,12.31,10.36,13.08,80.0,5.0,Mattia
125,Ranieri-Fiorentina,D,Ranieri L.,Fiorentina,7.0,7.0,0.0,8.0,8.0,0.0,15.0,16.0,0.5,11.0,12.87,15.75,,5.77,70.0,3.5,Luca
126,Kyriakopoulos-Monza,D,Kyriakopoulos,Monza,7.0,6.0,1.0,7.0,6.0,1.0,13.0,13.0,0.5,9.0,,2.34,,0.53,65.0,5.5,Georgios
127,Maripan-Torino,D,Maripan,Torino,7.0,7.0,0.0,7.0,7.0,0.0,15.0,15.0,0.5,15.0,,19.0,,18.00496124174805,,,Guillermo
128,Mari-Monza,D,Mari',Monza,7.0,7.0,0.0,7.0,7.0,0.0,15.0,15.0,0.5,12.0,14.37,17.7,11.13,14.0,80.0,5.0,Pablo
129,Erlic-Bologna,D,Erlic,Bologna,7.0,6.0,1.0,7.0,6.0,1.0,17.0,17.0,0.5,9.0,2.0,3.09,,7.77,65.0,2.5,Martin
130,Vojvoda-Torino,D,Vojvoda,Torino,7.0,6.0,1.0,7.0,7.0,0.0,12.0,14.0,0.5,8.0,1.46,1.51,2.94,6.850166038292885,60.0,5.5,Mergim
131,Godfrey-Atalanta,D,Godfrey,Atalanta,7.0,7.0,0.0,9.0,9.0,0.0,12.0,15.0,0.5,13.0,15.82,18.63,,6.68,60.0,2.5,Ben
132,Moreno-Como,D,Moreno Alb.,Como,7.0,7.0,0.0,7.0,7.0,0.0,17.0,17.0,0.5,11.0,13.26,15.76,10.36,13.08,80.0,5.5,Alberto
133,Scalvini-Atalanta,D,Scalvini,Atalanta,7.0,8.0,-1.0,7.0,8.0,-1.0,12.0,12.0,0.5,14.0,17.77,21.64,,7.95,80.0,5.0,Giorgio
134,Tavares-Lazio,D,Tavares N.,Lazio,7.0,6.0,1.0,7.0,6.0,1.0,29.0,29.0,0.5,12.0,13.93,14.96,16.01,18.79,70.0,7.0,-
135,Olivera-Napoli,D,Olivera,Napoli,7.0,7.0,0.0,8.0,8.0,0.0,18.0,28.0,0.5,11.0,12.54,15.49,10.8,13.48,70.0,5.5,Mathías
136,Valeri-Parma,D,Valeri,Parma,7.0,6.0,1.0,7.0,6.0,1.0,11.0,11.0,3.0,10.0,11.34,14.14,10.01,12.48,75.0,4.5,Emanuele
137,Cabal-Juventus,D,Cabal,Juventus,7.0,5.0,2.0,8.0,6.0,2.0,15.0,18.0,5.0,13.0,17.1,20.78,12.01,14.93,65.0,5.5,Juan
138,Lucumi-Bologna,D,Lucumi',Bologna,7.0,7.0,0.0,7.0,7.0,0.0,14.0,14.0,0.5,13.0,14.93,18.1,11.48,15.19,75.0,3.5,Jhon
139,Ehizibue-Udinese,D,Ehizibue,Udinese,7.0,5.0,2.0,7.0,5.0,2.0,8.0,8.0,0.5,10.0,11.58,11.97,,9.495054826306982,65.0,5.5,Kingsley
140,Posch-Bologna,D,Posch,Bologna,7.0,8.0,-1.0,8.0,9.0,-1.0,18.0,21.0,7.0,15.0,16.62,20.73,14.95,19.34,80.0,7.5,Stefan
141,Dorgu-Lecce,D,Dorgu,Lecce,7.0,8.0,-1.0,7.0,8.0,-1.0,20.0,20.0,7.0,9.0,4.71,5.27,6.41,8.87,75.0,9.0,Patrick
142,Marin-Napoli,D,Marin R.,Napoli,7.0,8.0,-1.0,7.0,8.0,-1.0,12.0,12.0,0.5,10.0,12.05,14.2,,6.4,65.0,0.0,Rafa
143,Sosa-Torino,D,Sosa B.,Torino,7.0,8.0,-1.0,6.0,7.0,-1.0,17.0,15.0,6.0,12.0,13.57,13.84,12.24,14.87,75.0,6.5,Borna
144,Izzo-Monza,D,Izzo,Monza,6.0,6.0,0.0,6.0,6.0,0.0,11.0,11.0,0.5,10.0,12.36,15.17,,5.18,75.0,5.0,Armando
145,Calabria-Milan,D,Calabria,Milan,6.0,7.0,-1.0,6.0,7.0,-1.0,13.0,13.0,0.5,13.0,14.34,14.93,12.86,15.52,60.0,5.5,Davide
146,Pereira-Monza,D,Pereira P.,Monza,6.0,5.0,1.0,6.0,5.0,1.0,8.0,8.0,0.5,8.0,,,,6.850166038292885,60.0,2.0,Pedro
147,Palomino-Cagliari,D,Palomino,Cagliari,6.0,5.0,1.0,6.0,5.0,1.0,8.0,8.0,0.5,10.0,11.22,13.69,,4.84,75.0,3.5,José Luis
148,Marusic-Lazio,D,Marusic,Lazio,6.0,6.0,0.0,7.0,7.0,0.0,10.0,12.0,0.5,11.0,,12.2,,5.51,75.0,5.5,Adam
149,Lazzari-Lazio,D,Lazzari,Lazio,6.0,5.0,1.0,6.0,5.0,1.0,23.0,23.0,0.5,10.0,11.57,12.26,10.16,12.88,65.0,7.5,Manuel
150,Zortea-Cagliari,D,Zortea,Cagliari,6.0,7.0,-1.0,7.0,8.0,-1.0,16.0,19.0,4.0,10.0,12.01,14.72,9.81,12.41,75.0,6.5,Nadir
151,Candela-Venezia,D,Candela,Venezia,6.0,5.0,1.0,6.0,5.0,1.0,8.0,8.0,0.5,8.0,,1.11,,4.06,80.0,6.5,Antonio
152,Zappa-Cagliari,D,Zappa,Cagliari,6.0,6.0,0.0,7.0,7.0,0.0,10.0,12.0,0.5,10.0,,11.34,,9.495054826306982,65.0,6.5,Gabriele
153,Zanoli-Genoa,D,Zanoli,Genoa,6.0,6.0,0.0,6.0,6.0,0.0,9.0,9.0,3.0,8.0,1.07,3.0,,0.53,65.0,6.5,Alessandro
154,Guilbert-Lecce,D,Guilbert,Lecce,6.0,5.0,1.0,7.0,6.0,1.0,8.0,11.0,0.5,10.0,,12.66,,4.41,70.0,3.5,Frédéric
155,Viti-Empoli,D,Viti,Empoli,6.0,5.0,1.0,6.0,5.0,1.0,8.0,8.0,0.5,10.0,12.27,14.68,,5.07,75.0,0.0,Mattia
156,Schuurs-Torino,D,Schuurs,Torino,6.0,7.0,-1.0,6.0,7.0,-1.0,10.0,10.0,0.5,12.0,16.6,19.3,,12.573700058985267,80.0,1.0,Perr
157,Pedersen-Torino,D,Pedersen,Torino,6.0,6.0,0.0,5.0,5.0,0.0,12.0,10.0,0.5,7.0,,1.26,,5.690380311034907,60.0,3.0,Marcus
158,Giannetti-Udinese,D,Giannetti L.,Udinese,6.0,4.0,2.0,6.0,4.0,2.0,14.0,14.0,0.5,11.0,12.63,15.69,11.03,14.76,65.0,0.0,Lautaro
159,Frese-Verona,D,Frese,Verona,6.0,5.0,1.0,6.0,5.0,1.0,11.0,11.0,0.5,10.0,12.06,14.72,,5.09,70.0,6.0,Martin
160,Circati-Parma,D,Circati,Parma,6.0,5.0,1.0,6.0,5.0,1.0,8.0,8.0,3.0,8.0,1.91,4.08,3.18,6.01,80.0,2.5,Alessandro
161,Brempt-Como,D,Van Der Brempt,Como,6.0,5.0,1.0,6.0,5.0,1.0,8.0,8.0,0.5,9.0,,,,8.11839087671691,75.0,5.5,Ignace
162,Zampano-Venezia,D,Zampano,Venezia,5.0,5.0,0.0,6.0,6.0,0.0,8.0,10.0,0.5,7.0,,3.63,,5.690380311034907,65.0,4.0,Francesco
163,Martin-Genoa,D,Martin,Genoa,5.0,4.0,1.0,5.0,4.0,1.0,13.0,13.0,6.0,8.0,,4.34,3.42,3.0,60.0,4.5,Aaron
164,Lazaro-Torino,D,Lazaro,Torino,5.0,4.0,1.0,5.0,4.0,1.0,8.0,7.0,0.5,9.0,1.23,4.48,1.88,6.36,65.0,5.5,Valentino
165,Augello-Cagliari,D,Augello,Cagliari,5.0,5.0,0.0,5.0,5.0,0.0,8.0,8.0,0.5,11.0,12.66,13.25,,4.85,75.0,6.5,Tommaso
166,Dawidowicz-Verona,D,Dawidowicz,Verona,5.0,5.0,0.0,5.0,5.0,0.0,7.0,7.0,0.5,9.0,,5.31,,8.74,80.0,2.5,Pawel
167,Gallo-Lecce,D,Gallo,Lecce,5.0,5.0,0.0,5.0,5.0,0.0,11.0,11.0,3.0,11.0,13.43,16.09,11.56,13.89,75.0,7.5,Antonino
168,Carboni-Monza,D,Carboni A.,Monza,5.0,5.0,0.0,6.0,6.0,0.0,8.0,9.0,0.5,7.0,2.13,7.38,,3.09,65.0,0.0,Andrea
169,Caldirola-Monza,D,Caldirola,Monza,5.0,5.0,0.0,5.0,5.0,0.0,8.0,8.0,0.5,10.0,,12.49,,5.3,70.0,5.0,Luca
170,Bradaric-Verona,D,Bradaric,Verona,5.0,5.0,0.0,5.0,5.0,0.0,8.0,8.0,0.5,8.0,,,,6.850166038292885,70.0,4.0,Domagoj
171,Daniliuc-Verona,D,Daniliuc,Verona,5.0,5.0,0.0,5.0,5.0,0.0,8.0,8.0,0.5,9.0,,,,8.11839087671691,65.0,2.5,Flavius
172,Kamara-Udinese,D,Kamara H.,Udinese,5.0,5.0,0.0,5.0,5.0,0.0,13.0,13.0,0.5,8.0,,1.58,,8.48,70.0,2.0,Hassane
173,Winter-Genoa,D,De Winter,Genoa,5.0,6.0,-1.0,5.0,6.0,-1.0,8.0,10.0,0.5,9.0,1.6,4.24,,5.34,75.0,2.5,Koni
174,Coppola-Verona,D,Coppola D.,Verona,5.0,4.0,1.0,5.0,4.0,1.0,8.0,8.0,0.5,8.0,2.58,4.69,,6.14,70.0,3.5,Diego
175,Birindelli-Monza,D,Birindelli,Monza,5.0,5.0,0.0,5.0,5.0,0.0,8.0,9.0,0.5,8.0,,2.22,,8.48,60.0,3.0,Samuele
176,Kayode-Fiorentina,D,Kayode,Fiorentina,5.0,5.0,0.0,6.0,6.0,0.0,8.0,10.0,0.5,10.0,,12.27,9.42,9.495054826306982,65.0,4.0,Michael
177,Vogliacco-Genoa,D,Vogliacco,Genoa,5.0,2.0,3.0,5.0,2.0,3.0,4.0,4.0,0.5,10.0,11.05,11.15,9.42,14.57,60.0,0.0,Alessandro
178,Delprato-Parma,D,Delprato,Parma,5.0,6.0,-1.0,6.0,7.0,-1.0,14.0,16.0,3.0,1.0,,,,1.0088872819740327,,,
179,Idzes-Venezia,D,Idzes,Venezia,5.0,4.0,1.0,5.0,4.0,1.0,9.0,9.0,3.0,8.0,,3.41,,5.84,75.0,2.5,Jay
180,Sverko-Venezia,D,Sverko,Venezia,5.0,4.0,1.0,6.0,5.0,1.0,9.0,12.0,0.5,7.0,,4.09,,6.18,75.0,0.0,Marin
181,Abdulhamid-Roma,D,Abdulhamid,Roma,5.0,5.0,0.0,5.0,5.0,0.0,12.0,12.0,0.5,10.0,,10.55,,9.495054826306982,55.0,3.5,Saud
182,Jesus-Napoli,D,Juan Jesus,Napoli,4.0,5.0,-1.0,4.0,5.0,-1.0,6.0,6.0,0.5,6.0,,,,6.36,65.0,0.0,Juan
183,Patric-Lazio,D,Patric,Lazio,4.0,5.0,-1.0,4.0,5.0,-1.0,10.0,12.0,0.5,9.0,,9.5,,9.54,65.0,1.0,-
184,Toloi-Atalanta,D,Toloi,Atalanta,4.0,4.0,0.0,4.0,4.0,0.0,9.0,9.0,0.5,6.0,,0.7,,7.42,70.0,4.5,Rafael
185,Cuadrado-Atalanta,D,Cuadrado,Atalanta,4.0,4.0,0.0,4.0,4.0,0.0,9.0,8.0,0.5,12.0,,13.51,12.01,37.1,60.0,6.5,Juan
186,Lykogiannis-Bologna,D,Lykogiannis,Bologna,4.0,4.0,0.0,4.0,4.0,0.0,12.0,12.0,0.5,8.0,,3.6,,9.01,55.0,4.5,Charalampos
187,Kabasele-Udinese,D,Kabasele,Udinese,4.0,3.0,1.0,4.0,3.0,1.0,4.0,4.0,0.5,6.0,,3.27,,4.639033694942977,60.0,2.5,Christian
188,Walukiewicz-Torino,D,Walukiewicz,Torino,4.0,4.0,0.0,4.0,4.0,0.0,6.0,6.0,0.5,8.0,,6.86,,0.5,70.0,0.0,Sebastian
189,Celik-Roma,D,Celik,Roma,4.0,3.0,1.0,4.0,3.0,1.0,12.0,12.0,0.5,8.0,5.35,5.65,,2.37,65.0,5.5,Zeki
190,Osorio-Parma,D,Osorio,Parma,4.0,4.0,0.0,4.0,4.0,0.0,6.0,6.0,0.5,7.0,,0.84,,0.96,65.0,2.5,Yordan
191,Mazzocchi-Napoli,D,Mazzocchi,Napoli,4.0,4.0,0.0,4.0,4.0,0.0,12.0,12.0,0.5,8.0,1.52,6.57,1.18,2.44,60.0,6.5,Pasquale
192,Svoboda-Venezia,D,Svoboda,Venezia,4.0,4.0,0.0,4.0,4.0,0.0,8.0,8.0,0.5,3.0,,2.65,,2.65,60.0,2.5,Michael
193,Gila-Lazio,D,Gila,Lazio,4.0,5.0,-1.0,4.0,5.0,-1.0,11.0,11.0,0.5,8.0,2.01,4.57,1.23,6.89,70.0,2.5,Mario
194,Bisseck-Inter,D,Bisseck,Inter,4.0,5.0,-1.0,4.0,5.0,-1.0,11.0,11.0,3.0,7.0,2.97,3.13,2.67,8.52,55.0,3.5,Yann Aurel
195,Azzi-Cagliari,D,Azzi,Cagliari,4.0,4.0,0.0,5.0,5.0,0.0,7.0,8.0,0.5,6.0,,4.43,,4.639033694942977,55.0,3.5,Paulo
196,Kristensen-Udinese,D,Kristensen T.,Udinese,4.0,5.0,-1.0,4.0,5.0,-1.0,8.0,8.0,0.5,8.0,,11.4,,2.68,70.0,2.5,Thomas
197,Gaspar-Lecce,D,Gaspar K.,Lecce,4.0,3.0,1.0,4.0,3.0,1.0,12.0,12.0,0.5,9.0,4.65,5.45,2.32,6.97,70.0,1.0,Kialonda
198,Coulibaly-Parma,D,Coulibaly W.,Parma,4.0,2.0,2.0,4.0,2.0,2.0,16.0,16.0,0.5,6.0,2.46,3.09,,4.14,65.0,0.0,Woyo
199,Savona-Juventus,D,Savona,Juventus,4.0,1.0,3.0,4.0,1.0,3.0,14.0,14.0,0.5,5.0,7.55,7.81,4.82,4.62,10.0,1.0,Nicolo
200,Moreno-Fiorentina,D,Moreno M.,Fiorentina,4.0,4.0,0.0,4.0,4.0,0.0,8.0,8.0,0.5,6.0,,2.53,,4.639033694942977,55.0,0.0,Matías
201,Kempf-Como,D,Kempf,Como,4.0,3.0,1.0,4.0,3.0,1.0,8.0,8.0,0.5,6.0,,7.6,,2.91,60.0,0.0,Marc
202,Hysaj-Lazio,D,Hysaj,Lazio,3.0,4.0,-1.0,4.0,5.0,-1.0,6.0,8.0,0.5,7.0,,,,5.690380311034907,65.0,6.5,Elseid
203,Dambrosio-Monza,D,D'Ambrosio,Monza,3.0,3.0,0.0,4.0,4.0,0.0,5.0,6.0,0.5,7.0,,1.15,,5.690380311034907,80.0,6.0,D'Danilo
204,Magnani-Verona,D,Magnani,Verona,3.0,3.0,0.0,3.0,3.0,0.0,5.0,5.0,0.5,9.0,,,,9.54,65.0,2.5,Giangiacomo
205,Gabbia-Milan,D,Gabbia,Milan,3.0,4.0,-1.0,3.0,4.0,-1.0,9.0,9.0,0.5,6.0,,2.35,,0.48,55.0,0.0,Matteo
206,Kalulu-Juventus,D,Kalulu,Juventus,3.0,4.0,-1.0,4.0,5.0,-1.0,12.0,15.0,0.5,13.0,15.18,18.51,12.63,16.02,65.0,3.5,Pierre
207,Balogh-Parma,D,Balogh,Parma,3.0,1.0,2.0,3.0,1.0,2.0,4.0,4.0,0.5,3.0,,3.3,,0.92,50.0,0.0,Botond
208,Altare-Venezia,D,Altare,Venezia,3.0,3.0,0.0,3.0,3.0,0.0,8.0,8.0,0.5,8.0,,1.94,,7.77,75.0,2.5,Giorgio
209,Ebuehi-Empoli,D,Ebuehi,Empoli,3.0,4.0,-1.0,3.0,4.0,-1.0,6.0,6.0,0.5,8.0,,,,6.850166038292885,75.0,5.5,Tyronne
210,Cacace-Empoli,D,Cacace,Empoli,3.0,3.0,0.0,3.0,3.0,0.0,5.0,5.0,0.5,6.0,,0.84,,4.639033694942977,60.0,3.5,Liberato
211,Toure-Udinese,D,Toure' I.s.,Udinese,3.0,3.0,0.0,3.0,3.0,0.0,5.0,5.0,0.5,10.0,,,,9.495054826306982,75.0,2.5,Isaak
212,Thiaw-Milan,D,Thiaw,Milan,3.0,4.0,-1.0,3.0,4.0,-1.0,10.0,10.0,0.5,10.0,,10.87,,12.86,65.0,5.0,Malick
213,Zemura-Udinese,D,Zemura,Udinese,3.0,3.0,0.0,3.0,3.0,0.0,4.0,4.0,0.5,7.0,,,,5.690380311034907,70.0,2.5,Jordan
214,Wieteska-Cagliari,D,Wieteska,Cagliari,3.0,3.0,0.0,3.0,3.0,0.0,4.0,4.0,0.5,5.0,,4.22,,5.3,55.0,2.5,Mateusz
215,Iovine-Como,D,Iovine,Como,3.0,3.0,0.0,3.0,3.0,0.0,10.0,10.0,0.5,6.0,,3.33,,0.48,60.0,1.0,Alessio
216,Norton-Genoa,D,Norton-Cuffy,Genoa,3.0,4.0,-1.0,3.0,4.0,-1.0,5.0,5.0,0.5,8.0,,,,6.850166038292885,65.0,5.5,NORTON-Brooke
217,Palacios-Inter,D,Palacios T.,Inter,3.0,3.0,0.0,3.0,3.0,0.0,6.0,6.0,0.5,7.0,,8.93,,5.690380311034907,55.0,0.0,Tomas
218,Jean-Lecce,D,Jean,Lecce,3.0,2.0,1.0,3.0,2.0,1.0,3.0,3.0,0.5,5.0,,,,3.6961261900170936,55.0,0.0,Gaby
219,Schingtienne-Venezia,D,Schingtienne,Venezia,3.0,3.0,0.0,3.0,3.0,0.0,6.0,7.0,0.5,8.0,,,,6.850166038292885,70.0,2.5,Joël
220,Barba-Como,D,Barba,Como,2.0,1.0,1.0,2.0,1.0,1.0,7.0,7.0,0.5,5.0,,,,2.73,65.0,1.0,Federico
221,Rui-Napoli,D,Mario Rui,Napoli,2.0,3.0,-1.0,2.0,3.0,-1.0,6.0,6.0,0.5,7.0,,10.36,,0.53,40.0,4.0,Silva Duarte
222,Goldaniga-Como,D,Goldaniga,Como,2.0,3.0,-1.0,2.0,3.0,-1.0,4.0,4.0,0.5,6.0,,7.6,,3.18,60.0,2.5,Edoardo
223,Silvestri-Bologna,D,De Silvestri,Bologna,2.0,3.0,-1.0,2.0,3.0,-1.0,5.0,5.0,0.5,5.0,,,,5.3,55.0,4.5,Lorenzo
224,Faraoni-Verona,D,Faraoni,Verona,2.0,3.0,-1.0,2.0,3.0,-1.0,6.0,6.0,0.5,8.0,,0.84,,8.48,60.0,5.5,Davide
225,Bonifazi-Lecce,D,Bonifazi,Lecce,2.0,2.0,0.0,2.0,2.0,0.0,4.0,4.0,0.5,6.0,,,,4.639033694942977,,,Kevin
226,Pellegrini-Lazio,D,Pellegrini Lu.,Lazio,2.0,3.0,-1.0,2.0,3.0,-1.0,6.0,6.0,0.5,7.0,,,,7.42,60.0,6.5,Luca
227,Sala-Como,D,Sala M.,Como,2.0,2.0,0.0,2.0,2.0,0.0,6.0,6.0,0.5,4.0,,,,2.8616577962572576,55.0,3.5,Marco
228,Valenti-Parma,D,Valenti,Parma,2.0,3.0,-1.0,2.0,3.0,-1.0,5.0,5.0,0.5,4.0,,6.33,,2.8616577962572576,65.0,5.0,Lautaro
229,Sambia-Empoli,D,Sambia,Empoli,2.0,2.0,0.0,2.0,2.0,0.0,3.0,3.0,0.5,4.0,,,,2.8616577962572576,55.0,4.5,Junior
230,Carboni-Venezia,D,Carboni F.,Venezia,2.0,2.0,0.0,2.0,2.0,0.0,4.0,4.0,0.5,5.0,,,,3.6961261900170936,55.0,1.0,Franco Ezequiel
231,Comuzzo-Fiorentina,D,Comuzzo,Fiorentina,2.0,1.0,1.0,2.0,1.0,1.0,10.0,10.0,0.5,2.0,,1.47,,1.5,15.0,0.0,Pietro
232,Goglichidze-Empoli,D,Goglichidze,Empoli,2.0,1.0,1.0,2.0,1.0,1.0,1.0,1.0,0.5,2.0,,1.26,,1.76,40.0,0.0,Saba
233,Dahl-Roma,D,Dahl,Roma,2.0,3.0,-1.0,2.0,3.0,-1.0,8.0,8.0,0.5,9.0,,2.46,,0.48,60.0,1.0,Samuel
234,Sagrado-Venezia,D,Sagrado,Venezia,2.0,1.0,1.0,2.0,1.0,1.0,5.0,5.0,0.5,6.0,,,,4.639033694942977,60.0,4.5,Richie
235,Pelmard-Lecce,D,Pelmard,Lecce,2.0,3.0,-1.0,4.0,5.0,-1.0,7.0,9.0,0.5,8.0,,,,10.6,75.0,0.0,Andy
236,Dembele-Torino,D,Dembele' A.,Torino,2.0,1.0,1.0,2.0,1.0,1.0,3.0,3.0,0.5,2.0,,2.53,,1.518038342235727,30.0,1.0,Ali
237,Leoni-Parma,D,Leoni,Parma,2.0,2.0,0.0,2.0,2.0,0.0,3.0,3.0,0.5,8.0,,1.17,,6.850166038292885,60.0,2.5,Giovanni
238,Sciglio-Empoli,D,De Sciglio,Empoli,1.0,1.0,0.0,1.0,1.0,0.0,10.0,12.0,0.5,5.0,,3.11,,1.36,70.0,2.0,Mattia
239,Chiara-Parma,D,Di Chiara,Parma,1.0,1.0,0.0,1.0,1.0,0.0,1.0,1.0,0.5,3.0,,3.8,,2.1356285136634687,45.0,0.0,Gianluca
240,Haps-Venezia,D,Haps,Venezia,1.0,1.0,0.0,1.0,1.0,0.0,1.0,1.0,0.5,4.0,,,,2.8616577962572576,50.0,2.0,Ridgeciano
241,Obert-Cagliari,D,Obert,Cagliari,1.0,2.0,-1.0,1.0,2.0,-1.0,3.0,3.0,0.5,4.0,,,,2.8616577962572576,60.0,0.0,Adam
242,Terracciano-Milan,D,Terracciano F.,Milan,1.0,1.0,0.0,1.0,1.0,0.0,1.0,1.0,0.5,4.0,,2.53,,3.53,55.0,2.0,Filippo
243,Ebosse-Udinese,D,Ebosse,Udinese,1.0,1.0,0.0,1.0,1.0,0.0,1.0,1.0,0.5,2.0,,1.84,,1.518038342235727,55.0,0.0,Enzo
244,Abankwah-Udinese,D,Abankwah,Udinese,1.0,1.0,0.0,1.0,1.0,0.0,1.0,1.0,0.5,1.0,,,,1.0088872819740327,,,
245,Matturro-Genoa,D,Matturro,Genoa,1.0,1.0,0.0,1.0,1.0,0.0,1.0,1.0,0.5,2.0,,2.53,,1.518038342235727,40.0,0.0,Alan
246,Okou-Verona,D,Okou,Verona,1.0,2.0,-1.0,1.0,2.0,-1.0,3.0,3.0,0.5,5.0,,1.15,,3.6961261900170936,60.0,0.0,Yllan
247,Corazza-Bologna,D,Corazza,Bologna,1.0,1.0,0.0,1.0,1.0,0.0,1.0,1.0,0.5,2.0,,2.53,,1.518038342235727,45.0,1.0,Tommaso
248,Sazonov-Empoli,D,Sazonov,Empoli,1.0,1.0,0.0,1.0,1.0,0.0,6.0,6.0,0.5,1.0,,,,1.0088872819740327,,,
249,Ilic-Bologna,D,Ilic M.,Bologna,1.0,1.0,0.0,1.0,1.0,0.0,1.0,1.0,0.5,4.0,,,,4.24,50.0,0.0,Mihajlo
250,Ghilardi-Verona,D,Ghilardi,Verona,1.0,1.0,0.0,1.0,1.0,0.0,1.0,1.0,0.5,3.0,,3.8,,2.1356285136634687,45.0,2.5,Daniele
251,Sangare-Roma,D,Sangare' B.,Roma,1.0,1.0,0.0,1.0,1.0,0.0,1.0,1.0,0.5,1.0,,1.26,,1.0088872819740327,15.0,0.0,Buba
252,Marcandalli-Genoa,D,Marcandalli,Genoa,1.0,1.0,0.0,1.0,1.0,0.0,1.0,1.0,0.5,1.0,,1.26,,0.44,45.0,0.0,Alessandro
253,Rouhi-Juventus,D,Rouhi,Juventus,1.0,1.0,0.0,1.0,1.0,0.0,1.0,1.0,0.5,1.0,,,,1.0088872819740327,,,
254,Marianucci-Empoli,D,Marianucci,Empoli,1.0,1.0,0.0,1.0,1.0,0.0,1.0,1.0,0.5,1.0,,2.53,,1.0088872819740327,10.0,0.0,Luca
255,Palestra-Atalanta,D,Palestra,Atalanta,1.0,1.0,0.0,1.0,1.0,0.0,1.0,1.0,0.5,3.0,,,,2.1356285136634687,35.0,4.5,Marco
256,Pulisic-Milan,C,Pulisic,Milan,30.0,30.0,0.0,29.0,29.0,0.0,183.0,183.0,39.0,37.0,64.63,76.31,50.03,65.97,80.0,14.0,Christian
257,Calhanoglu-Inter,C,Calhanoglu,Inter,28.0,28.0,0.0,30.0,30.0,0.0,172.0,187.0,36.0,34.0,75.67,86.48,63.77,86.77,80.0,16.0,Hakan
258,Koopmeiners-Juventus,C,Koopmeiners,Juventus,27.0,29.0,-2.0,26.0,28.0,-2.0,166.0,166.0,30.0,31.0,54.01,65.2,50.79,65.99,80.0,13.0,Teun
259,Zaccagni-Lazio,C,Zaccagni,Lazio,26.0,27.0,-1.0,26.0,26.0,0.0,148.0,148.0,39.0,31.0,44.8,49.8,36.42,49.01,80.0,15.0,Mattia
260,Politano-Napoli,C,Politano,Napoli,22.0,24.0,-2.0,22.0,23.0,-1.0,64.0,64.0,12.0,27.0,41.6,44.23,26.4,31.36,70.0,12.5,Matteo
261,Barella-Inter,C,Barella,Inter,22.0,20.0,2.0,21.0,19.0,2.0,79.0,79.0,25.0,28.0,46.52,54.26,40.34,51.24,85.0,10.0,Nicolò
262,Colpani-Fiorentina,C,Colpani,Fiorentina,22.0,23.0,-1.0,20.0,22.0,-2.0,83.0,83.0,22.0,23.0,29.38,34.1,28.51,35.24,75.0,9.5,Andrea
263,Pellegrini-Roma,C,Pellegrini Lo.,Roma,21.0,22.0,-1.0,21.0,22.0,-1.0,73.0,73.0,22.0,27.0,31.72,36.09,31.52,44.37,85.0,16.0,Lorenzo
264,Orsolini-Bologna,C,Orsolini,Bologna,21.0,21.0,0.0,21.0,21.0,0.0,90.0,88.0,36.0,23.0,30.39,33.29,22.26,32.24,75.0,14.0,Riccardo
265,Man-Parma,C,Man,Parma,21.0,19.0,2.0,20.0,18.0,2.0,102.0,102.0,33.0,24.0,47.72,53.54,29.78,38.68,80.0,15.0,Dennis
266,Neres-Napoli,C,Neres,Napoli,21.0,20.0,1.0,20.0,19.0,1.0,82.0,82.0,22.0,24.0,36.4,36.96,38.59,38.55,70.0,9.0,David Campos
267,Luiz-Juventus,C,Douglas Luiz,Juventus,20.0,20.0,0.0,19.0,19.0,0.0,59.0,59.0,16.0,27.0,27.92,35.0,37.15,41.31,80.0,13.0,-
268,Frattesi-Inter,C,Frattesi,Inter,18.0,18.0,0.0,17.0,17.0,0.0,62.0,59.0,16.0,22.0,22.74,23.81,18.72,29.92,70.0,11.5,Davide
269,Loftus-Milan,C,Loftus-Cheek,Milan,18.0,19.0,-1.0,18.0,19.0,-1.0,51.0,51.0,13.0,27.0,35.81,39.66,28.83,37.01,80.0,10.5,LOFTUS-Ruben
270,Ferguson-Bologna,C,Ferguson,Bologna,17.0,18.0,-1.0,17.0,18.0,-1.0,42.0,42.0,0.5,23.0,26.02,30.86,29.71,33.59,80.0,12.0,Lewis
271,Mctominay-Napoli,C,McTominay,Napoli,16.0,16.0,0.0,19.0,19.0,0.0,57.0,70.0,15.0,25.0,35.05,43.28,35.98,44.12,80.0,8.5,Scott
272,Samardzic-Atalanta,C,Samardzic,Atalanta,16.0,17.0,-1.0,15.0,16.0,-1.0,60.0,57.0,17.0,26.0,26.93,32.97,24.85,33.85,75.0,14.0,Lazar
273,Mkhitaryan-Inter,C,Mkhitaryan,Inter,15.0,15.0,0.0,14.0,14.0,0.0,43.0,43.0,8.0,20.0,28.67,33.48,23.94,30.05,70.0,14.0,Henrikh
274,Ederson-Atalanta,C,Ederson D.s.,Atalanta,15.0,15.0,0.0,17.0,18.0,-1.0,55.0,67.0,12.0,19.0,23.65,25.16,21.51,28.67,80.0,9.0,-
275,Pasalic-Atalanta,C,Pasalic,Atalanta,14.0,15.0,-1.0,14.0,15.0,-1.0,52.0,52.0,14.0,20.0,23.88,29.77,21.99,30.0,75.0,11.5,Mario
276,Vlasic-Torino,C,Vlasic,Torino,14.0,15.0,-1.0,13.0,14.0,-1.0,41.0,39.0,3.0,20.0,22.59,28.07,16.42,22.1,80.0,13.0,Nikola
277,Fabbian-Bologna,C,Fabbian,Bologna,14.0,13.0,1.0,14.0,13.0,1.0,53.0,53.0,12.0,19.0,18.1,22.37,20.0,22.54,70.0,11.5,Giovanni
278,Bernabe-Parma,C,Bernabe',Parma,14.0,14.0,0.0,14.0,14.0,0.0,44.0,44.0,15.0,22.0,23.23,24.02,22.57,27.95,85.0,11.5,Adrian
279,Harroui-Verona,C,Harroui,Verona,13.0,13.0,0.0,13.0,13.0,0.0,34.0,36.0,6.0,16.0,18.25,22.5,15.34,19.47,65.0,5.5,Abdou
280,Suslov-Verona,C,Suslov,Verona,13.0,13.0,0.0,13.0,13.0,0.0,37.0,37.0,9.0,17.0,19.42,23.16,15.98,21.35,70.0,4.5,Tomas
281,Zaniolo-Atalanta,C,Zaniolo,Atalanta,12.0,13.0,-1.0,11.0,12.0,-1.0,28.0,28.0,10.0,19.0,23.14,28.44,25.18,30.74,70.0,11.5,Nicolò
282,Strefezza-Como,C,Strefezza,Como,12.0,12.0,0.0,12.0,11.0,1.0,32.0,30.0,18.0,17.0,18.1,18.78,24.27,26.5,80.0,12.5,Gabriel
283,Cunha-Como,C,Da Cunha,Como,12.0,12.0,0.0,12.0,12.0,0.0,32.0,30.0,8.0,16.0,18.23,18.57,21.65,23.77,80.0,10.5,Lucas
284,Reijnders-Milan,C,Reijnders,Milan,12.0,12.0,0.0,11.0,11.0,0.0,30.0,28.0,9.0,18.0,19.47,24.38,16.13,20.77,75.0,7.5,Tijjani
285,Lazovic-Verona,C,Lazovic,Verona,11.0,10.0,1.0,10.0,9.0,1.0,23.0,19.0,3.0,12.0,13.82,14.1,14.06,16.65,70.0,6.5,Darko
286,Pessina-Monza,C,Pessina,Monza,11.0,12.0,-1.0,12.0,13.0,-1.0,36.0,42.0,10.0,20.0,23.57,27.47,18.39,24.9,80.0,14.0,Matteo
287,Anguissa-Napoli,C,Zambo Anguissa,Napoli,11.0,10.0,1.0,12.0,11.0,1.0,23.0,25.0,0.5,19.0,19.34,21.13,17.77,22.54,85.0,3.5,André Zambo
288,Malinovskyi-Genoa,C,Malinovskyi,Genoa,11.0,11.0,0.0,11.0,11.0,0.0,25.0,25.0,9.0,19.0,21.82,25.69,17.89,22.17,70.0,14.0,Ruslan
289,Frendrup-Genoa,C,Frendrup,Genoa,11.0,11.0,0.0,13.0,13.0,0.0,27.0,40.0,3.0,16.0,18.0,21.5,14.83,19.65,80.0,7.0,Morten
290,Conceicao-Juventus,C,Conceicao,Juventus,11.0,11.0,0.0,10.0,10.0,0.0,24.0,22.0,0.5,20.0,20.43,22.71,21.55,29.9,65.0,6.5,Fernandes Francisco
291,Zielinski-Inter,C,Zielinski,Inter,10.0,11.0,-1.0,10.0,11.0,-1.0,25.0,25.0,3.0,19.0,19.02,19.81,22.51,22.08,70.0,14.0,Piotr
292,Cristante-Roma,C,Cristante,Roma,10.0,9.0,1.0,11.0,10.0,1.0,20.0,22.0,0.5,16.0,18.39,22.37,17.84,20.86,75.0,5.5,Bryan
293,Freuler-Bologna,C,Freuler,Bologna,10.0,9.0,1.0,11.0,10.0,1.0,19.0,22.0,0.5,16.0,18.09,22.39,22.01,24.12,80.0,8.0,Remo
294,Fagioli-Juventus,C,Fagioli,Juventus,10.0,10.0,0.0,9.0,9.0,0.0,18.0,18.0,0.5,16.0,18.04,22.53,14.36,19.03,65.0,9.0,Nicolo
295,Chukwueze-Milan,C,Chukwueze,Milan,10.0,11.0,-1.0,9.0,10.0,-1.0,35.0,35.0,14.0,17.0,25.2,28.34,22.38,26.73,70.0,8.0,Samuel
296,Maldini-Monza,C,Maldini,Monza,10.0,9.0,1.0,9.0,8.0,1.0,29.0,29.0,14.0,17.0,19.24,23.1,19.03,21.91,75.0,9.0,Daniel
297,Messias-Genoa,C,Messias,Genoa,10.0,9.0,1.0,10.0,9.0,1.0,27.0,25.0,6.0,16.0,18.47,19.31,14.41,22.93,70.0,9.0,Junior
298,Thuram-Juventus,C,Thuram K.,Juventus,10.0,10.0,0.0,12.0,12.0,0.0,25.0,30.0,3.0,16.0,24.42,28.66,14.69,23.73,70.0,0.0,Khéphren
299,Ndoye-Bologna,C,Ndoye,Bologna,10.0,10.0,0.0,9.0,9.0,0.0,24.0,22.0,3.0,14.0,16.54,19.88,12.36,16.91,70.0,8.0,Dan
300,Aebischer-Bologna,C,Aebischer,Bologna,10.0,10.0,0.0,10.0,10.0,0.0,20.0,20.0,0.5,14.0,17.41,20.88,13.77,16.67,70.0,6.0,Michel
301,Lovric-Udinese,C,Lovric,Udinese,10.0,10.0,0.0,10.0,10.0,0.0,23.0,23.0,5.0,17.0,19.57,23.52,15.58,20.09,80.0,8.0,Sandi
302,Fee-Roma,C,Le Fee,Roma,10.0,10.0,0.0,10.0,10.0,0.0,21.0,21.0,0.5,15.0,17.07,17.64,17.81,20.77,65.0,7.0,Enzo
303,Locatelli-Juventus,C,Locatelli,Juventus,9.0,8.0,1.0,10.0,9.0,1.0,21.0,25.0,0.5,15.0,17.41,21.56,14.38,19.47,65.0,5.5,Manuel
304,Guendouzi-Lazio,C,Guendouzi,Lazio,9.0,10.0,-1.0,9.0,9.0,0.0,18.0,16.0,0.5,16.0,18.89,22.71,16.29,21.54,80.0,8.0,Matteo
305,Lobotka-Napoli,C,Lobotka,Napoli,9.0,9.0,0.0,10.0,10.0,0.0,16.0,20.0,0.5,17.0,18.78,22.66,16.67,22.03,85.0,1.0,Stanislav
306,Zurkowski-Empoli,C,Zurkowski,Empoli,9.0,10.0,-1.0,9.0,10.0,-1.0,23.0,23.0,0.5,10.0,11.54,14.23,12.66,14.82,75.0,8.0,Szymon
307,Castrovilli-Lazio,C,Castrovilli,Lazio,9.0,10.0,-1.0,9.0,10.0,-1.0,17.0,17.0,0.5,14.0,16.06,19.49,13.7,17.01,70.0,12.5,Gaetano
308,Gyasi-Empoli,C,Gyasi,Empoli,9.0,5.0,4.0,9.0,5.0,4.0,24.0,24.0,0.5,14.0,15.84,17.6,13.6,17.28,65.0,6.5,Emmanuel
309,Ilic-Torino,C,Ilic,Torino,9.0,7.0,2.0,9.0,7.0,2.0,27.0,27.0,9.0,19.0,21.24,26.4,18.33,22.59,80.0,6.0,Ivan
310,Ricci-Torino,C,Ricci S.,Torino,9.0,8.0,1.0,10.0,9.0,1.0,20.0,22.0,3.0,15.0,19.48,22.76,19.86,23.24,80.0,6.0,Samuele
311,Baldanzi-Roma,C,Baldanzi,Roma,9.0,8.0,1.0,9.0,8.0,1.0,20.0,20.0,0.5,16.0,18.96,23.43,14.66,20.43,60.0,9.5,Tommaso
312,Oristanio-Venezia,C,Oristanio,Venezia,9.0,9.0,0.0,9.0,10.0,-1.0,23.0,26.0,3.0,16.0,17.98,22.07,15.52,18.91,75.0,5.5,Gaetano Pio
313,Morente-Lecce,C,Tete Morente,Lecce,9.0,9.0,0.0,8.0,8.0,0.0,18.0,16.0,0.5,13.0,,14.9,,14.275681342073481,65.0,7.0,Tete
314,Verdi-Como,C,Verdi,Como,8.0,9.0,-1.0,8.0,9.0,-1.0,18.0,20.0,0.5,15.0,,15.73,,16.43,65.0,9.0,Simone
315,Duncan-Venezia,C,Duncan,Venezia,8.0,8.0,0.0,8.0,8.0,0.0,16.0,15.0,0.5,14.0,,14.98,,7.28,75.0,4.5,Alfred
316,Sottil-Fiorentina,C,Sottil,Fiorentina,8.0,9.0,-1.0,8.0,9.0,-1.0,20.0,20.0,0.5,11.0,,12.03,,10.9801578870631,55.0,9.0,Riccardo
317,Gaetano-Cagliari,C,Gaetano,Cagliari,8.0,9.0,-1.0,7.0,8.0,-1.0,40.0,35.0,6.0,1.0,,,,1.0088872819740327,,,
318,Kone-Roma,C,Kone' M.,Roma,8.0,8.0,0.0,9.0,9.0,0.0,17.0,19.0,0.5,13.0,15.38,16.9,17.98,18.37,70.0,4.5,Manu
319,Tchaouna-Lazio,C,Tchaouna,Lazio,8.0,9.0,-1.0,8.0,9.0,-1.0,21.0,20.0,8.0,16.0,20.15,23.93,16.1,19.52,60.0,5.5,Loum
320,Richardson-Fiorentina,C,Richardson,Fiorentina,8.0,8.0,0.0,8.0,8.0,0.0,16.0,17.0,0.5,14.0,16.15,16.68,13.63,17.97,65.0,4.5,Amir
321,Roon-Atalanta,C,De Roon,Atalanta,7.0,8.0,-1.0,8.0,9.0,-1.0,16.0,18.0,0.5,15.0,20.06,23.48,14.57,19.16,80.0,5.5,Marten
322,Badelj-Genoa,C,Badelj,Genoa,7.0,6.0,1.0,7.0,6.0,1.0,9.0,10.0,0.5,12.0,,13.67,,6.36,75.0,1.0,Milan
323,Vecino-Lazio,C,Vecino,Lazio,7.0,7.0,0.0,8.0,8.0,0.0,15.0,18.0,0.5,11.0,12.84,13.07,12.95,13.25,60.0,6.0,Matias
324,Shaarawy-Roma,C,El Shaarawy,Roma,7.0,8.0,-1.0,6.0,7.0,-1.0,19.0,17.0,0.5,16.0,17.91,21.83,24.94,28.85,65.0,9.0,Stephan
325,Mandragora-Fiorentina,C,Mandragora,Fiorentina,7.0,8.0,-1.0,8.0,9.0,-1.0,16.0,18.0,0.5,15.0,19.64,23.23,15.67,19.31,75.0,8.0,Rolando
326,Mazzitelli-Como,C,Mazzitelli,Como,7.0,8.0,-1.0,8.0,9.0,-1.0,18.0,20.0,0.5,15.0,,16.32,14.57,18.51,70.0,10.5,Luca
327,Bennacer-Milan,C,Bennacer,Milan,7.0,7.0,0.0,8.0,8.0,0.0,15.0,17.0,0.5,14.0,15.27,16.92,,7.3,75.0,10.0,Ismael
328,Duda-Verona,C,Duda,Verona,7.0,7.0,0.0,8.0,8.0,0.0,16.0,20.0,0.5,13.0,16.9,20.22,12.05,15.62,80.0,7.0,Ondrej
329,Rovella-Lazio,C,Rovella,Lazio,7.0,7.0,0.0,7.0,7.0,0.0,11.0,12.0,0.5,9.0,9.83,9.24,1.23,1.95,65.0,6.5,Nicolo
330,Fofana-Milan,C,Fofana Y.,Milan,7.0,8.0,-1.0,8.0,9.0,-1.0,19.0,22.0,0.5,13.0,21.97,23.73,12.63,17.56,70.0,4.5,Youssouf
331,Brescianini-Atalanta,C,Brescianini,Atalanta,7.0,4.0,3.0,7.0,5.0,2.0,38.0,48.0,7.0,12.0,21.66,26.29,29.22,33.67,60.0,7.0,Marco
332,Mckennie-Juventus,C,McKennie,Juventus,7.0,7.0,0.0,8.0,8.0,0.0,12.0,14.0,0.5,13.0,14.39,14.89,12.24,15.23,60.0,8.0,Weston
333,Gilmour-Napoli,C,Gilmour,Napoli,7.0,7.0,0.0,8.0,8.0,0.0,11.0,13.0,0.5,11.0,13.26,18.36,,4.85,65.0,1.0,Billy
334,Sohm-Parma,C,Sohm,Parma,7.0,5.0,2.0,6.0,4.0,2.0,13.0,13.0,0.5,10.0,11.32,12.06,10.01,12.11,70.0,2.0,Simon
335,Oudin-Lecce,C,Oudin,Lecce,7.0,7.0,0.0,7.0,7.0,0.0,16.0,18.0,0.5,13.0,,13.84,,14.275681342073481,65.0,7.0,Remi
336,Payero-Udinese,C,Payero,Udinese,7.0,8.0,-1.0,7.0,7.0,0.0,13.0,10.0,0.5,13.0,,14.74,,7.24,65.0,6.0,Martin
337,Marchwinski-Lecce,C,Marchwinski,Lecce,7.0,8.0,-1.0,6.0,7.0,-1.0,14.0,14.0,4.0,14.0,15.65,15.89,14.02,17.69,75.0,8.0,Filip
338,Ekkelenkamp-Udinese,C,Ekkelenkamp,Udinese,7.0,6.0,1.0,7.0,6.0,1.0,12.0,12.0,5.0,12.0,,13.47,,6.36,70.0,8.0,Jurgen
339,Paz-Como,C,Paz N.,Como,7.0,7.0,0.0,6.0,6.0,0.0,22.0,22.0,3.0,15.0,16.46,16.62,15.68,19.31,75.0,8.0,Nico
340,Paredes-Roma,C,Paredes,Roma,6.0,7.0,-1.0,7.0,8.0,-1.0,16.0,18.0,0.5,13.0,17.52,20.6,13.93,18.31,75.0,3.5,Leandro
341,Sensi-Monza,C,Sensi,Monza,6.0,7.0,-1.0,6.0,7.0,-1.0,16.0,16.0,0.5,13.0,,14.89,15.07,14.275681342073481,70.0,6.5,Stefano
342,Ikone-Fiorentina,C,Ikone',Fiorentina,6.0,5.0,1.0,6.0,5.0,1.0,13.0,13.0,0.5,10.0,,11.51,,9.495054826306982,65.0,9.0,Jonathan
343,Weah-Juventus,C,Weah,Juventus,6.0,5.0,1.0,5.0,4.0,1.0,21.0,20.0,0.5,14.0,17.85,21.25,13.62,18.96,60.0,5.5,Timothy
344,Tameze-Torino,C,Tameze,Torino,6.0,5.0,1.0,6.0,6.0,0.0,9.0,11.0,0.5,13.0,,14.07,12.24,14.275681342073481,75.0,7.0,Adrien
345,Marin-Cagliari,C,Marin,Cagliari,6.0,6.0,0.0,6.0,6.0,0.0,20.0,25.0,0.5,9.0,1.41,5.57,3.3,4.77,65.0,6.5,Razvan
346,Busio-Venezia,C,Busio,Venezia,6.0,7.0,-1.0,6.0,7.0,-1.0,15.0,14.0,3.0,13.0,15.31,18.7,12.63,16.36,80.0,8.0,Gianluca
347,Adli-Fiorentina,C,Adli,Fiorentina,6.0,5.0,1.0,6.0,6.0,0.0,13.0,17.0,0.5,10.0,10.11,11.24,10.06,19.43,65.0,6.5,Yacine
348,Fazzini-Empoli,C,Fazzini,Empoli,6.0,4.0,2.0,6.0,4.0,2.0,23.0,23.0,7.0,12.0,13.55,16.67,11.01,14.44,75.0,5.5,Jacopo
349,Iling-Bologna,C,Iling Junior,Bologna,6.0,6.0,0.0,6.0,6.0,0.0,12.0,12.0,3.0,13.0,14.52,18.01,,6.89,65.0,6.5,ILING-Samuel
350,Folorunsho-Napoli,C,Folorunsho,Napoli,6.0,7.0,-1.0,6.0,7.0,-1.0,15.0,15.0,0.5,14.0,,13.69,13.2,14.39,60.0,10.5,Michael
351,Ramadani-Lecce,C,Ramadani,Lecce,6.0,5.0,1.0,7.0,6.0,1.0,10.0,12.0,0.5,12.0,,12.13,,13.78,85.0,2.0,Ylber
352,Karlsson-Bologna,C,Karlsson,Bologna,6.0,7.0,-1.0,5.0,6.0,-1.0,15.0,15.0,0.5,11.0,,12.93,,10.9801578870631,55.0,8.0,Jesper
353,Dele-Lazio,C,Dele-Bashiru,Lazio,6.0,5.0,1.0,6.0,5.0,1.0,21.0,21.0,0.5,11.0,13.45,13.9,10.68,13.65,60.0,7.0,DELE-Fisayo
354,Karlstrom-Udinese,C,Karlstrom,Udinese,6.0,5.0,1.0,6.0,5.0,1.0,8.0,8.0,0.5,13.0,,17.23,,6.89,65.0,4.5,Jesper
355,Keita-Parma,C,Keita M.,Parma,6.0,6.0,0.0,7.0,7.0,0.0,12.0,14.0,0.5,11.0,,13.93,,10.9801578870631,75.0,1.0,Mandela
356,Viola-Cagliari,C,Viola,Cagliari,5.0,6.0,-1.0,5.0,6.0,-1.0,14.0,14.0,0.5,10.0,,11.76,,9.495054826306982,60.0,7.0,Nicolas
357,Gagliardini-Monza,C,Gagliardini,Monza,5.0,5.0,0.0,6.0,6.0,0.0,9.0,11.0,0.5,9.0,,4.92,,8.11839087671691,75.0,5.5,Roberto
358,Kastanos-Verona,C,Kastanos,Verona,5.0,4.0,1.0,5.0,4.0,1.0,7.0,7.0,0.5,10.0,,11.08,,5.3,65.0,5.5,Grigoris
359,Barak-Fiorentina,C,Barak,Fiorentina,5.0,6.0,-1.0,5.0,6.0,-1.0,14.0,12.0,0.5,12.0,,13.67,,6.36,65.0,11.5,Antonin
360,Valoti-Monza,C,Valoti,Monza,5.0,6.0,-1.0,5.0,6.0,-1.0,13.0,13.0,0.5,8.0,,3.45,,6.850166038292885,65.0,7.0,Mattia
361,Thorsby-Genoa,C,Thorsby,Genoa,5.0,5.0,0.0,4.0,4.0,0.0,10.0,8.0,0.5,10.0,,9.5,,9.495054826306982,65.0,6.0,Morten
362,Hernani-Parma,C,Hernani,Parma,5.0,6.0,-1.0,4.0,5.0,-1.0,11.0,9.0,0.5,10.0,,11.52,,11.66,75.0,9.0,-
363,Henderson-Empoli,C,Henderson L.,Empoli,5.0,4.0,1.0,5.0,4.0,1.0,8.0,8.0,0.5,11.0,,13.08,,10.9801578870631,65.0,6.5,Liam
364,Musah-Milan,C,Musah,Milan,5.0,4.0,1.0,5.0,4.0,1.0,10.0,10.0,0.5,10.0,,11.93,,4.85,60.0,0.0,Yunus
365,Bove-Fiorentina,C,Bove,Fiorentina,5.0,5.0,0.0,6.0,6.0,0.0,12.0,14.0,0.5,8.0,4.39,3.79,,4.77,60.0,3.5,Edoardo
366,Coulibaly-Lecce,C,Coulibaly L.,Lecce,5.0,5.0,0.0,5.0,5.0,0.0,9.0,10.0,0.5,9.0,,1.26,,8.11839087671691,65.0,4.5,Lassana
367,Asllani-Inter,C,Asllani,Inter,5.0,5.0,0.0,6.0,6.0,0.0,14.0,17.0,0.5,8.0,2.54,7.51,,3.53,55.0,8.0,Kristjan
368,Bondo-Monza,C,Bondo,Monza,5.0,3.0,2.0,5.0,3.0,2.0,5.0,5.0,0.5,9.0,,5.61,0.94,1.21,75.0,4.5,Warren
369,Perrone-Como,C,Perrone,Como,5.0,4.0,1.0,5.0,4.0,1.0,7.0,7.0,0.5,8.0,,2.53,,6.850166038292885,65.0,0.0,Maximo
370,Forson-Monza,C,Forson O.,Monza,5.0,6.0,-1.0,5.0,6.0,-1.0,13.0,13.0,0.5,8.0,,1.15,,0.48,60.0,7.0,Omari
371,Felici-Cagliari,C,Felici,Cagliari,5.0,5.0,0.0,6.0,6.0,0.0,12.0,15.0,0.5,7.0,,3.45,,10.31,60.0,7.0,Mattia
372,Fadera-Como,C,Fadera,Como,5.0,6.0,-1.0,4.0,5.0,-1.0,13.0,12.0,0.5,10.0,,,,9.495054826306982,70.0,4.5,Alieu
373,Deiola-Cagliari,C,Deiola,Cagliari,4.0,4.0,0.0,5.0,5.0,0.0,6.0,7.0,0.5,8.0,,1.26,,6.850166038292885,65.0,4.5,Alessandro
374,Linetty-Torino,C,Linetty,Torino,4.0,3.0,1.0,4.0,3.0,1.0,7.0,7.0,0.5,7.0,,3.03,,0.53,60.0,5.5,Karol
375,Saelemaekers-Roma,C,Saelemaekers,Roma,4.0,5.0,-1.0,4.0,5.0,-1.0,25.0,23.0,0.5,11.0,12.26,13.11,12.89,15.02,60.0,6.5,Alexis
376,Estevez-Parma,C,Estevez,Parma,4.0,4.0,0.0,5.0,5.0,0.0,10.0,12.0,0.5,9.0,,9.78,,8.11839087671691,65.0,3.5,Nahuel
377,Zalewski-Roma,C,Zalewski,Roma,4.0,2.0,2.0,4.0,2.0,2.0,8.0,7.0,0.5,11.0,,13.27,,10.9801578870631,60.0,6.5,Nicola
378,Urbanski-Bologna,C,Urbanski,Bologna,4.0,5.0,-1.0,5.0,6.0,-1.0,10.0,11.0,0.5,6.0,,,,4.639033694942977,60.0,5.5,Kacper
379,Maleh-Empoli,C,Maleh,Empoli,4.0,3.0,1.0,4.0,3.0,1.0,8.0,8.0,0.5,9.0,,6.54,,8.11839087671691,70.0,5.5,Youssef
380,Ciurria-Monza,C,Ciurria,Monza,4.0,5.0,-1.0,5.0,6.0,-1.0,8.0,10.0,0.5,10.0,12.09,15.1,,9.495054826306982,85.0,11.5,Patrick
381,Ellertsson-Venezia,C,Ellertsson,Venezia,4.0,2.0,2.0,4.0,2.0,2.0,11.0,11.0,0.5,8.0,,0.12,,1.06,45.0,0.0,Mikael
382,Rafia-Lecce,C,Rafia,Lecce,4.0,4.0,0.0,4.0,4.0,0.0,8.0,8.0,0.5,9.0,,0.95,,8.11839087671691,60.0,3.5,Hamza
383,Prati-Cagliari,C,Prati,Cagliari,4.0,4.0,0.0,5.0,5.0,0.0,12.0,14.0,0.5,10.0,11.45,11.81,,4.81,70.0,3.5,Matteo
384,Serdar-Verona,C,Serdar,Verona,4.0,5.0,-1.0,5.0,6.0,-1.0,10.0,12.0,0.5,10.0,,10.55,,9.495054826306982,70.0,4.5,Suat
385,Pierret-Lecce,C,Pierret,Lecce,4.0,4.0,0.0,5.0,5.0,0.0,8.0,9.0,0.5,12.0,,13.3,,6.05,75.0,6.0,Balthazar
386,Andersen-Venezia,C,Andersen M.k.,Venezia,4.0,2.0,2.0,4.0,2.0,2.0,13.0,13.0,0.5,7.0,,0.69,,5.690380311034907,55.0,3.5,Magnus
387,Grassi-Empoli,C,Grassi,Empoli,3.0,3.0,0.0,4.0,4.0,0.0,4.0,5.0,0.5,9.0,,0.84,,8.11839087671691,70.0,1.0,Alberto
388,Cataldi-Fiorentina,C,Cataldi,Fiorentina,3.0,3.0,0.0,3.0,3.0,0.0,7.0,7.0,0.5,7.0,,2.64,,5.690380311034907,65.0,4.5,Danilo
389,Baselli-Como,C,Baselli,Como,3.0,3.0,0.0,3.0,3.0,0.0,7.0,9.0,0.5,6.0,,7.6,,4.639033694942977,60.0,4.5,Daniele
390,Haas-Empoli,C,Haas,Empoli,3.0,2.0,1.0,3.0,2.0,1.0,3.0,3.0,0.5,5.0,,,,3.6961261900170936,60.0,3.5,Nicolas
391,Caviglia-Venezia,C,Nicolussi Caviglia,Venezia,3.0,1.0,2.0,3.0,1.0,2.0,4.0,5.0,0.5,9.0,,3.18,,9.01,70.0,5.5,Hans
392,Kostic-Juventus,C,Kostic,Juventus,3.0,4.0,-1.0,4.0,5.0,-1.0,5.0,5.0,0.5,12.0,,12.95,,6.36,65.0,6.5,Filip
393,Adopo-Cagliari,C,Adopo,Cagliari,3.0,2.0,1.0,3.0,2.0,1.0,3.0,3.0,0.5,6.0,,,,4.639033694942977,45.0,2.0,Ndary
394,Bjarkason-Venezia,C,Bjarkason,Venezia,3.0,4.0,-1.0,3.0,4.0,-1.0,6.0,6.0,0.5,8.0,,,,6.850166038292885,60.0,3.5,Bjarki
395,Miretti-Genoa,C,Miretti,Genoa,3.0,4.0,-1.0,3.0,4.0,-1.0,18.0,18.0,0.5,11.0,13.18,16.46,,6.44,70.0,6.5,Fabio
396,Vignato-Monza,C,Vignato S.,Monza,3.0,2.0,1.0,3.0,2.0,1.0,5.0,4.0,0.5,8.0,,1.15,,6.850166038292885,60.0,6.5,Samuele
397,Alidou-Verona,C,Alidou,Verona,3.0,3.0,0.0,3.0,3.0,0.0,6.0,5.0,0.5,9.0,,,,8.11839087671691,60.0,4.5,Faride
398,Moro-Bologna,C,Moro N.,Bologna,3.0,2.0,1.0,3.0,2.0,1.0,8.0,9.0,0.5,8.0,,3.27,,6.850166038292885,65.0,6.5,Nikola
399,Gineitis-Torino,C,Gineitis,Torino,3.0,4.0,-1.0,3.0,4.0,-1.0,12.0,10.0,0.5,4.0,,1.26,,2.8616577962572576,50.0,0.0,Gvidas
400,Zarraga-Udinese,C,Zarraga,Udinese,3.0,3.0,0.0,4.0,4.0,0.0,6.0,8.0,0.5,6.0,,,,4.639033694942977,55.0,0.0,Oier
401,Azzouzi-Bologna,C,El Azzouzi,Bologna,3.0,4.0,-1.0,4.0,5.0,-1.0,7.0,8.0,0.5,8.0,,1.26,,6.850166038292885,55.0,4.5,Oussama
402,Makoumbou-Cagliari,C,Makoumbou,Cagliari,3.0,4.0,-1.0,4.0,5.0,-1.0,7.0,8.0,0.5,8.0,,,,9.54,85.0,0.0,Antoine
403,Braunoder-Como,C,Braunoder,Como,3.0,3.0,0.0,4.0,4.0,0.0,8.0,10.0,0.5,8.0,,5.64,,6.850166038292885,70.0,0.0,Matthias
404,Engelhardt-Como,C,Engelhardt,Como,3.0,4.0,-1.0,3.0,4.0,-1.0,8.0,10.0,0.5,9.0,,0.99,,8.11839087671691,70.0,3.5,Yannik
405,Modesto-Udinese,C,Rui Modesto,Udinese,3.0,3.0,0.0,4.0,4.0,0.0,7.0,9.0,0.5,10.0,,10.85,,9.495054826306982,60.0,8.0,Muati Modesto
406,Yeboah-Venezia,C,Yeboah J.,Venezia,3.0,3.0,0.0,3.0,3.0,0.0,8.0,8.0,0.5,9.0,,,,8.11839087671691,60.0,8.0,John
407,Jankto-Cagliari,C,Jankto,Cagliari,2.0,3.0,-1.0,3.0,4.0,-1.0,6.0,7.0,0.5,8.0,,,,6.850166038292885,60.0,5.5,Jakub
408,Cyprien-Parma,C,Cyprien,Parma,2.0,2.0,0.0,2.0,2.0,0.0,2.0,2.0,0.5,7.0,,6.9,,5.690380311034907,55.0,4.5,Wylan
409,Bianco-Monza,C,Bianco,Monza,2.0,2.0,0.0,2.0,2.0,0.0,2.0,2.0,0.5,3.0,,,,2.1356285136634687,60.0,0.0,Alessandro
410,Pisilli-Roma,C,Pisilli,Roma,2.0,1.0,1.0,2.0,1.0,1.0,1.0,1.0,0.5,1.0,,1.16,,0.53,15.0,0.0,Niccolo
411,Belahyane-Verona,C,Belahyane,Verona,2.0,1.0,1.0,2.0,1.0,1.0,4.0,6.0,0.5,3.0,,2.24,,2.65,60.0,2.5,Reda
412,Silva-Verona,C,Dani Silva,Verona,2.0,3.0,-1.0,2.0,3.0,-1.0,5.0,5.0,0.5,7.0,,,,5.690380311034907,55.0,3.5,-
413,Mitrovic-Verona,C,Mitrovic S.,Verona,2.0,3.0,-1.0,2.0,3.0,-1.0,6.0,5.0,0.5,9.0,,,,8.11839087671691,60.0,5.5,Stefan
414,Doumbia-Venezia,C,Doumbia I.,Venezia,2.0,1.0,1.0,2.0,1.0,1.0,2.0,2.0,0.5,1.0,,1.26,,0.44,30.0,0.0,Issa
415,Anjorin-Empoli,C,Anjorin,Empoli,2.0,2.0,0.0,2.0,2.0,0.0,4.0,4.0,0.5,1.0,,,,1.0088872819740327,,,
416,Akpro-Lazio,C,Akpa Akpro,Lazio,1.0,1.0,0.0,1.0,1.0,0.0,2.0,2.0,0.5,7.0,,,,5.690380311034907,55.0,1.0,Jean-Daniel
417,Pobega-Bologna,C,Pobega,Bologna,1.0,2.0,-1.0,2.0,3.0,-1.0,12.0,14.0,0.5,10.0,,11.19,9.42,12.12,70.0,8.0,Tommaso
418,Camara-Parma,C,Camara D.,Parma,1.0,1.0,0.0,1.0,1.0,0.0,1.0,1.0,0.5,4.0,,,,2.8616577962572576,50.0,2.5,Drissa
419,Crnigoj-Venezia,C,Crnigoj,Venezia,1.0,1.0,0.0,1.0,1.0,0.0,1.0,1.0,0.5,3.0,,3.8,,2.1356285136634687,50.0,3.5,Domen
420,Kone-Como,C,Kone B.,Como,1.0,1.0,0.0,1.0,1.0,0.0,1.0,1.0,0.5,3.0,,,,2.1356285136634687,35.0,1.0,Ben Lhassine
421,Bohinen-Genoa,C,Bohinen,Genoa,1.0,1.0,0.0,1.0,1.0,0.0,1.0,1.0,0.5,3.0,,,,2.1356285136634687,50.0,5.5,Emil
422,Zerbin-Napoli,C,Zerbin,Napoli,1.0,2.0,-1.0,1.0,2.0,-1.0,4.0,4.0,0.5,8.0,,,,6.850166038292885,55.0,6.0,Alessio
423,Berisha-Lecce,C,BERISHA M.,Lecce,1.0,1.0,0.0,1.0,1.0,0.0,1.0,1.0,0.5,5.0,,,,3.6961261900170936,35.0,0.0,Medon
424,Sulemana-Atalanta,C,Sulemana I.,Atalanta,1.0,2.0,-1.0,2.0,3.0,-1.0,4.0,5.0,0.5,7.0,,,,5.690380311034907,60.0,3.5,-
425,Belardinelli-Empoli,C,Belardinelli,Empoli,1.0,1.0,0.0,1.0,1.0,0.0,1.0,1.0,0.5,1.0,,1.26,,1.0088872819740327,15.0,1.0,Luca
426,Kaba-Lecce,C,Kaba,Lecce,1.0,1.0,0.0,1.0,1.0,0.0,1.0,1.0,0.5,7.0,,,,5.690380311034907,60.0,4.5,Mohamed
427,Zeroli-Milan,C,Zeroli,Milan,1.0,1.0,0.0,1.0,1.0,0.0,1.0,1.0,0.5,1.0,,1.26,,1.0088872819740327,15.0,1.0,Kevin
428,Buchanan-Inter,C,Buchanan T.,Inter,1.0,1.0,0.0,1.0,1.0,0.0,1.0,1.0,0.5,8.0,,1.11,,0.53,60.0,4.5,Tajon
429,Adzic-Juventus,C,Adzic,Juventus,1.0,1.0,0.0,1.0,1.0,0.0,1.0,1.0,0.5,1.0,,1.2,,0.53,15.0,1.0,Vasilije
430,Liberali-Milan,C,Liberali,Milan,1.0,1.0,0.0,1.0,1.0,0.0,1.0,1.0,0.5,1.0,,1.2,,1.0088872819740327,10.0,0.0,Mattia
431,Cassa-Atalanta,C,Cassa,Atalanta,1.0,1.0,0.0,1.0,1.0,0.0,1.0,1.0,0.5,1.0,,,,1.0088872819740327,,,
432,Byar-Bologna,C,Byar,Bologna,1.0,1.0,0.0,1.0,1.0,0.0,1.0,1.0,0.5,1.0,,,,1.0088872819740327,15.0,0.0,Naïm
433,Manzoni-Atalanta,C,Manzoni,Atalanta,1.0,1.0,0.0,1.0,1.0,0.0,1.0,1.0,0.5,1.0,,,,1.0088872819740327,,,
434,Vos-Milan,C,Vos,Milan,1.0,1.0,0.0,1.0,1.0,0.0,1.0,1.0,0.5,1.0,,,,1.0088872819740327,,,
435,Hasa-Lecce,C,Hasa,Lecce,1.0,1.0,0.0,1.0,1.0,0.0,1.0,1.0,0.5,1.0,,,,1.0088872819740327,,,
436,Atta-Udinese,C,Atta,Udinese,1.0,1.0,0.0,1.0,1.0,0.0,1.0,1.0,0.5,5.0,,,,3.6961261900170936,60.0,3.5,Arthur
437,Vlahovic-Juventus,A,Vlahovic,Juventus,37.0,37.0,0.0,38.0,38.0,0.0,380.0,380.0,105.0,49.0,142.33,175.0,162.83,151.96,80.0,17.0,Dusan
438,Lukaku-Napoli,A,Lukaku,Napoli,34.0,33.0,1.0,34.0,33.0,1.0,355.0,355.0,75.0,41.0,107.86,124.03,156.7,148.75,80.0,14.5,Romelu
439,Thuram-Inter,A,Thuram,Inter,34.0,31.0,3.0,33.0,30.0,3.0,300.0,300.0,81.0,43.0,111.45,136.84,113.64,122.98,80.0,16.0,Marcus
440,Dybala-Roma,A,Dybala,Roma,32.0,34.0,-2.0,33.0,35.0,-2.0,230.0,230.0,66.0,39.0,65.28,68.12,53.74,69.37,80.0,17.5,Paulo
441,Dovbyk-Roma,A,Dovbyk,Roma,30.0,32.0,-2.0,29.0,31.0,-2.0,226.0,226.0,63.0,36.0,84.56,88.73,76.03,94.54,80.0,13.5,Artem
442,Kvaratskhelia-Napoli,A,Kvaratskhelia,Napoli,29.0,29.0,0.0,30.0,30.0,0.0,262.0,262.0,75.0,44.0,94.7,111.04,79.99,101.52,85.0,17.0,Khvicha
443,Scamacca-Atalanta,A,Scamacca,Atalanta,26.0,28.0,-2.0,25.0,27.0,-2.0,145.0,140.0,0.5,35.0,36.45,39.47,32.38,42.55,80.0,16.0,Gianluca
444,Lookman-Atalanta,A,Lookman,Atalanta,26.0,28.0,-2.0,27.0,29.0,-2.0,208.0,222.0,45.0,32.0,63.33,67.55,53.3,67.15,70.0,14.0,Ademola
445,Morata-Milan,A,Morata,Milan,25.0,26.0,-1.0,25.0,26.0,-1.0,181.0,179.0,60.0,38.0,101.85,110.92,58.54,91.85,80.0,16.5,Alvaro
446,Zapata-Torino,A,Zapata D.,Torino,25.0,25.0,0.0,25.0,25.0,0.0,172.0,170.0,54.0,33.0,80.52,93.8,52.3,80.66,80.0,15.5,Duvan
447,Leao-Milan,A,Leao,Milan,25.0,25.0,0.0,26.0,26.0,0.0,220.0,220.0,57.0,41.0,77.15,90.39,70.8,83.04,80.0,17.5,Rafael
448,Gudmundsson-Fiorentina,A,Gudmundsson A.,Fiorentina,25.0,27.0,-2.0,26.0,28.0,-2.0,158.0,161.0,45.0,31.0,31.28,42.03,31.58,46.13,80.0,15.0,Albert
449,Gonzalez-Juventus,A,Gonzalez N.,Juventus,23.0,25.0,-2.0,24.0,26.0,-2.0,100.0,103.0,30.0,31.0,53.16,59.04,37.29,42.97,75.0,13.0,Nicolas
450,Castellanos-Lazio,A,Castellanos,Lazio,23.0,21.0,2.0,23.0,21.0,2.0,130.0,127.0,21.0,27.0,46.79,48.67,43.76,75.76,70.0,8.5,Valentin
451,Retegui-Atalanta,A,Retegui,Atalanta,22.0,20.0,2.0,21.0,19.0,2.0,200.0,200.0,66.0,32.0,67.26,71.79,71.56,101.17,70.0,11.0,Mateo
452,Kean-Fiorentina,A,Kean,Fiorentina,21.0,21.0,0.0,21.0,21.0,0.0,121.0,119.0,27.0,25.0,44.0,53.34,27.82,42.81,75.0,12.0,Moise
453,Ketelaere-Atalanta,A,De Ketelaere,Atalanta,20.0,21.0,-1.0,20.0,21.0,-1.0,137.0,140.0,36.0,29.0,33.7,41.81,33.79,51.96,75.0,12.5,Charles
454,Dallinga-Bologna,A,Dallinga,Bologna,20.0,22.0,-2.0,20.0,21.0,-1.0,88.0,86.0,16.0,24.0,33.12,37.49,26.74,35.25,75.0,11.0,Thijs
455,Soule-Roma,A,Soule',Roma,19.0,20.0,-1.0,21.0,22.0,-1.0,90.0,105.0,33.0,25.0,43.72,49.96,45.64,57.78,80.0,12.5,Matias
456,Pinamonti-Genoa,A,Pinamonti,Genoa,18.0,18.0,0.0,17.0,17.0,0.0,102.0,100.0,0.5,22.0,43.84,46.99,29.79,38.85,75.0,11.0,Andrea
457,Krstovic-Lecce,A,Krstovic,Lecce,17.0,17.0,0.0,16.0,16.0,0.0,81.0,79.0,27.0,23.0,25.96,30.86,19.57,32.88,75.0,14.5,Nikola
458,Belotti-Como,A,Belotti,Como,16.0,17.0,-1.0,15.0,16.0,-1.0,75.0,72.0,12.0,22.0,41.47,42.74,21.52,28.89,80.0,13.0,Andrea
459,Dia-Lazio,A,Dia,Lazio,16.0,15.0,1.0,15.0,14.0,1.0,72.0,70.0,21.0,22.0,31.94,37.06,42.83,44.25,65.0,11.0,Boulaye
460,Yildiz-Juventus,A,Yildiz,Juventus,16.0,15.0,1.0,17.0,16.0,1.0,93.0,95.0,39.0,19.0,37.11,47.85,36.08,39.38,65.0,9.0,Kenan
461,Sanchez-Udinese,A,Sanchez,Udinese,15.0,16.0,-1.0,15.0,16.0,-1.0,65.0,65.0,6.0,22.0,25.62,31.1,30.98,35.7,75.0,11.5,Alexis
462,Pohjanpalo-Venezia,A,Pohjanpalo,Venezia,15.0,16.0,-1.0,14.0,15.0,-1.0,76.0,74.0,27.0,22.0,26.84,32.75,24.69,31.23,85.0,13.5,Joel
463,Noslin-Lazio,A,Noslin,Lazio,15.0,16.0,-1.0,15.0,16.0,-1.0,67.0,70.0,15.0,20.0,22.15,22.64,29.35,24.22,75.0,12.0,Tijjani
464,Taremi-Inter,A,Taremi,Inter,15.0,15.0,0.0,14.0,14.0,0.0,66.0,64.0,25.0,23.0,42.08,48.09,25.44,35.55,65.0,7.0,Mehdi
465,Adams-Torino,A,Adams C.,Torino,15.0,14.0,1.0,16.0,15.0,1.0,74.0,72.0,17.0,22.0,22.9,27.87,20.66,26.23,75.0,11.0,Che
466,Piccoli-Cagliari,A,Piccoli,Cagliari,14.0,13.0,1.0,13.0,12.0,1.0,60.0,58.0,12.0,17.0,19.25,22.95,15.41,20.51,70.0,7.5,Roberto
467,Lucca-Udinese,A,Lucca,Udinese,14.0,14.0,0.0,13.0,13.0,0.0,75.0,73.0,24.0,26.0,25.91,27.86,30.8,33.27,75.0,12.0,Lorenzo
468,Abraham-Milan,A,Abraham,Milan,13.0,13.0,0.0,13.0,13.0,0.0,30.0,27.0,2.0,19.0,23.04,27.54,39.5,41.11,65.0,12.0,Tammy
469,Colombo-Empoli,A,Colombo,Empoli,13.0,12.0,1.0,12.0,11.0,1.0,60.0,58.0,15.0,17.0,20.13,24.84,20.22,25.91,80.0,8.5,Lorenzo
470,Tengstedt-Verona,A,Tengstedt,Verona,13.0,12.0,1.0,12.0,11.0,1.0,36.0,34.0,2.0,17.0,18.31,19.05,,8.93,75.0,11.0,Casper
471,Luvumbo-Cagliari,A,Luvumbo,Cagliari,12.0,12.0,0.0,12.0,12.0,0.0,38.0,40.0,12.0,17.0,19.01,23.29,16.93,21.58,75.0,8.0,Zito
472,Djuric-Monza,A,Djuric,Monza,12.0,12.0,0.0,12.0,12.0,0.0,43.0,40.0,2.0,17.0,19.19,23.54,19.45,23.14,65.0,7.0,Milan
473,Vitinha-Genoa,A,Vitinha O.,Genoa,12.0,12.0,0.0,11.0,11.0,0.0,77.0,75.0,12.0,17.0,20.48,21.92,15.76,22.28,75.0,8.5,-
474,Okafor-Milan,A,Okafor,Milan,12.0,11.0,1.0,12.0,11.0,1.0,21.0,21.0,2.0,17.0,19.02,20.23,14.21,19.06,65.0,9.5,Noah
475,Isaksen-Lazio,A,Isaksen,Lazio,12.0,11.0,1.0,13.0,12.0,1.0,27.0,30.0,2.0,18.0,21.56,27.82,20.56,26.21,65.0,9.0,Gustav
476,Milik-Juventus,A,Milik,Juventus,11.0,12.0,-1.0,9.0,10.0,-1.0,22.0,18.0,0.5,15.0,22.44,25.72,,7.55,65.0,11.0,Arek
477,Simeone-Napoli,A,Simeone,Napoli,11.0,11.0,0.0,10.0,10.0,0.0,15.0,13.0,2.0,17.0,20.5,24.34,,8.32,60.0,14.0,Giovanni
478,Thauvin-Udinese,A,Thauvin,Udinese,11.0,10.0,1.0,11.0,10.0,1.0,40.0,40.0,18.0,15.0,19.32,23.23,16.84,30.43,65.0,5.5,Florian
479,Cambiaghi-Bologna,A,Cambiaghi,Bologna,11.0,12.0,-1.0,11.0,12.0,-1.0,20.0,20.0,0.5,16.0,,18.42,,20.032259858334406,70.0,9.0,Nicolo
480,Sanabria-Torino,A,Sanabria,Torino,10.0,10.0,0.0,9.0,9.0,0.0,21.0,19.0,3.0,19.0,24.7,29.25,23.42,27.31,70.0,11.0,Antonio
481,Odgaard-Bologna,A,Odgaard,Bologna,10.0,10.0,0.0,10.0,11.0,-1.0,13.0,15.0,0.5,13.0,,14.96,,6.89,60.0,5.5,Jens
482,Raspadori-Napoli,A,Raspadori,Napoli,10.0,11.0,-1.0,11.0,12.0,-1.0,21.0,21.0,2.0,12.0,20.76,25.26,14.13,19.25,65.0,10.5,Giacomo
483,Almqvist-Parma,A,Almqvist,Parma,10.0,9.0,1.0,10.0,10.0,0.0,18.0,20.0,2.0,17.0,,28.66,17.01,20.1,75.0,9.0,Pontus
484,Beltran-Fiorentina,A,Beltran L.,Fiorentina,10.0,11.0,-1.0,10.0,11.0,-1.0,34.0,34.0,12.0,17.0,19.99,22.07,17.01,21.87,65.0,12.0,Lucas
485,Mosquera-Verona,A,Mosquera,Verona,10.0,8.0,2.0,9.0,7.0,2.0,25.0,20.0,3.0,17.0,19.13,23.6,15.85,22.08,65.0,6.0,Daniel
486,Bonny-Parma,A,Bonny,Parma,10.0,8.0,2.0,10.0,7.0,3.0,51.0,49.0,18.0,16.0,21.95,26.61,18.1,25.04,70.0,9.0,Ange-Yoan
487,Caprari-Monza,A,Caprari,Monza,9.0,9.0,0.0,9.0,9.0,0.0,17.0,17.0,3.0,16.0,,17.36,,18.02,70.0,12.5,Gianluca
488,Cutrone-Como,A,Cutrone,Como,9.0,9.0,0.0,8.0,8.0,0.0,25.0,23.0,6.0,15.0,21.29,24.96,14.57,18.72,65.0,8.0,Patrick
489,Jovic-Milan,A,Jovic,Milan,9.0,10.0,-1.0,8.0,9.0,-1.0,16.0,15.0,0.5,12.0,,13.58,13.07,15.73,60.0,9.5,Luka
490,Ekuban-Genoa,A,Ekuban,Genoa,9.0,9.0,0.0,9.0,9.0,0.0,10.0,10.0,0.5,10.0,,,,9.495054826306982,60.0,3.5,Caleb
491,Mota-Monza,A,Mota,Monza,9.0,10.0,-1.0,9.0,10.0,-1.0,22.0,22.0,2.0,15.0,,17.04,,7.95,70.0,11.5,-
492,Banda-Lecce,A,Banda,Lecce,9.0,9.0,0.0,10.0,10.0,0.0,13.0,16.0,0.5,16.0,,15.88,,16.96,70.0,6.5,Lameck
493,Ngonge-Napoli,A,Ngonge,Napoli,9.0,9.0,0.0,10.0,10.0,0.0,12.0,16.0,2.0,14.0,,16.69,,7.42,65.0,9.5,Cyril
494,Brenner-Udinese,A,Brenner,Udinese,9.0,7.0,2.0,9.0,7.0,2.0,32.0,32.0,3.0,14.0,18.13,21.36,13.3,16.75,65.0,8.5,-
495,Benedyczak-Parma,A,Benedyczak,Parma,9.0,10.0,-1.0,9.0,10.0,-1.0,20.0,22.0,2.0,14.0,17.78,20.94,,8.48,65.0,9.5,Adrian
496,Lapadula-Cagliari,A,Lapadula,Cagliari,8.0,9.0,-1.0,8.0,8.0,0.0,11.0,9.0,0.5,13.0,,16.46,,6.89,55.0,8.5,Gianluca
497,Arnautovic-Inter,A,Arnautovic,Inter,8.0,8.0,0.0,7.0,7.0,0.0,18.0,16.0,0.5,12.0,12.48,13.79,,12.573700058985267,60.0,7.0,Marko
498,Mihaila-Parma,A,Mihaila,Parma,8.0,8.0,0.0,9.0,9.0,0.0,20.0,22.0,3.0,14.0,15.09,16.12,14.01,17.39,75.0,15.0,Valentin
499,Castro-Bologna,A,Castro S.,Bologna,8.0,8.0,0.0,7.0,7.0,0.0,56.0,54.0,16.0,11.0,17.73,20.4,11.16,17.63,60.0,6.0,Santiago
500,Cancellieri-Parma,A,Cancellieri,Parma,6.0,4.0,2.0,6.0,4.0,2.0,13.0,13.0,2.0,13.0,14.27,14.27,12.93,16.5,75.0,6.5,Matteo
501,Davis-Udinese,A,Davis K.,Udinese,6.0,6.0,0.0,5.0,5.0,0.0,8.0,6.0,0.5,10.0,,12.66,,9.495054826306982,60.0,5.0,Keinan
502,Esposito-Empoli,A,Esposito Se.,Empoli,5.0,3.0,2.0,5.0,3.0,2.0,15.0,15.0,7.0,11.0,12.43,15.26,,18.36,70.0,9.5,Sebastiano
503,Shomurodov-Roma,A,Shomurodov,Roma,5.0,3.0,2.0,5.0,3.0,2.0,20.0,20.0,0.5,12.0,,15.73,,6.89,55.0,5.5,Eldor
504,Gytkjaer-Venezia,A,Gytkjaer,Venezia,5.0,5.0,0.0,4.0,4.0,0.0,10.0,10.0,0.5,10.0,,11.51,,9.495054826306982,60.0,2.5,Christian
505,Livramento-Verona,A,Rocha Livramento,Verona,5.0,4.0,1.0,5.0,3.0,2.0,16.0,16.0,2.0,10.0,,11.52,,13.25,65.0,2.5,Dailon
506,Mbangula-Juventus,A,Mbangula,Juventus,5.0,1.0,4.0,5.0,1.0,4.0,17.0,17.0,2.0,6.0,8.15,9.58,3.56,6.73,20.0,1.0,Samuel
507,Dominguez-Bologna,A,Dominguez B.,Bologna,5.0,5.0,0.0,5.0,5.0,0.0,11.0,11.0,0.5,11.0,,,,10.9801578870631,60.0,7.0,Benjamín
508,Rebic-Lecce,A,Rebic,Lecce,4.0,4.0,0.0,4.0,4.0,0.0,7.0,7.0,9.0,13.0,,14.44,,6.31,70.0,6.5,Ante
509,Petagna-Monza,A,Petagna,Monza,4.0,5.0,-1.0,3.0,3.0,0.0,13.0,10.0,0.5,10.0,,12.66,,9.495054826306982,60.0,5.5,Andrea
510,Kouame-Fiorentina,A,Kouame',Fiorentina,4.0,4.0,0.0,4.0,4.0,0.0,13.0,13.0,0.5,11.0,,9.86,,10.9801578870631,55.0,5.5,Christian
511,Sarr-Verona,A,Sarr A.,Verona,4.0,4.0,0.0,4.0,4.0,0.0,7.0,7.0,0.5,11.0,,,,10.9801578870631,65.0,5.0,Amin
512,Pierotti-Lecce,A,Pierotti,Lecce,4.0,4.0,0.0,4.0,4.0,0.0,4.0,4.0,0.5,10.0,,12.66,,9.495054826306982,60.0,3.5,Santiago
513,Bravo-Udinese,A,Bravo,Udinese,4.0,4.0,0.0,4.0,4.0,0.0,8.0,8.0,0.5,4.0,,5.86,,1.76,45.0,2.5,Iker
514,Pavoletti-Cagliari,A,Pavoletti,Cagliari,3.0,3.0,0.0,3.0,3.0,0.0,5.0,5.0,0.5,8.0,,,,6.850166038292885,60.0,5.0,Leonardo
515,Pellegri-Empoli,A,Pellegri,Empoli,3.0,3.0,0.0,3.0,3.0,0.0,11.0,11.0,0.5,6.0,,,,4.639033694942977,65.0,6.0,Pietro
516,Solbakken-Empoli,A,Solbakken,Empoli,3.0,3.0,0.0,3.0,3.0,0.0,15.0,15.0,0.5,9.0,,2.89,,8.11839087671691,65.0,8.0,Ola
517,Cerri-Como,A,Cerri,Como,2.0,1.0,1.0,2.0,1.0,1.0,1.0,1.0,0.5,4.0,,5.06,,2.8616577962572576,50.0,2.5,Alberto
518,Correa-Inter,A,Correa,Inter,2.0,3.0,-1.0,2.0,3.0,-1.0,7.0,7.0,0.5,1.0,,,,1.0088872819740327,,,
519,Pedro-Lazio,A,Pedro,Lazio,2.0,3.0,-1.0,2.0,3.0,-1.0,5.0,5.0,0.5,7.0,,,,5.690380311034907,60.0,5.5,-
520,Raimondo-Venezia,A,Raimondo,Venezia,2.0,1.0,1.0,2.0,1.0,1.0,2.0,2.0,0.5,5.0,,6.33,,3.6961261900170936,65.0,7.5,Antonio
521,Pizarro-Udinese,A,Pizarro,Udinese,2.0,3.0,-1.0,2.0,3.0,-1.0,7.0,7.0,0.5,6.0,,,,4.639033694942977,50.0,6.0,Damian
522,Gabrielloni-Como,A,Gabrielloni,Como,2.0,2.0,0.0,1.0,1.0,0.0,2.0,1.0,0.5,5.0,,,,3.6961261900170936,60.0,3.5,Alessandro
523,Charpentier-Parma,A,Charpentier,Parma,2.0,1.0,1.0,2.0,1.0,1.0,1.0,1.0,0.5,3.0,,,,2.1356285136634687,30.0,0.0,Gabriel
524,Karamoh-Torino,A,Karamoh,Torino,1.0,1.0,0.0,1.0,1.0,0.0,1.0,1.0,0.5,7.0,,5.91,,5.690380311034907,60.0,4.5,Yann
525,Ekong-Empoli,A,Ekong,Empoli,1.0,1.0,0.0,1.0,1.0,0.0,1.0,1.0,0.5,1.0,,1.26,,1.0088872819740327,15.0,1.0,Emmanuel
526,Burnete-Lecce,A,Burnete,Lecce,1.0,1.0,0.0,1.0,1.0,0.0,1.0,1.0,0.5,1.0,,2.53,,1.0088872819740327,25.0,0.0,Rares
527,Cruz-Verona,A,Cruz,Verona,1.0,1.0,0.0,1.0,1.0,0.0,1.0,1.0,0.5,1.0,,1.26,,9.63,45.0,2.5,Juan Manuel
528,Camarda-Milan,A,Camarda,Milan,1.0,1.0,0.0,1.0,1.0,0.0,1.0,1.0,0.5,3.0,,5.48,1.94,4.05,20.0,2.5,Francesco
529,Ankeye-Genoa,A,Ankeye,Genoa,1.0,1.0,0.0,1.0,1.0,0.0,1.0,1.0,0.5,2.0,,1.68,,1.518038342235727,50.0,2.5,David
530,Mutandwa-Cagliari,A,Mutandwa,Cagliari,1.0,1.0,0.0,1.0,1.0,0.0,2.0,2.0,0.5,1.0,,1.89,,1.0088872819740327,15.0,0.0,Kingstone
531,Jasim-Como,A,Jasim,Como,1.0,1.0,0.0,1.0,1.0,0.0,1.0,1.0,0.5,2.0,,1.84,,1.518038342235727,35.0,0.0,Ali
532,Ekhator-Genoa,A,Ekhator,Genoa,1.0,1.0,0.0,1.0,1.0,0.0,1.0,1.0,0.5,1.0,,1.26,,1.0088872819740327,15.0,0.0,Jeff
533,Kowalski-Parma,A,Kowalski,Parma,1.0,1.0,0.0,1.0,1.0,0.0,7.0,7.0,0.5,2.0,,1.68,,1.76,35.0,2.5,Mateusz
