,RT,Squadra,Nome,Kap.,350K (8),350K (10),500K (8),500K (10)
1,A,Monza,MARIC Mirko,0,,,,
2,C,Venezia,EL HADDAD Saad,0,,,,
3,P,Roma,RYAN Mathew,1,3.80,3.35,1.48,1.58
4,P,Udinese,PADELLI Daniele,1,,1.26,,0.53
5,P,Milan,SPORTIELLO Marco,1,1.52,1.74,0.98,1.21
6,P,Genoa,SOMMARIVA Daniele,1,,1.26,,
7,P,Torino,DONNARUMMA Antonio,1,,1.12,,0.44
8,P,Inter,DI GENNARO Raffaele,1,3.82,3.42,,0.51
9,P,Napoli,CONTINI Nikita,1,,1.13,,0.50
10,P,Atalanta,ROSSI Francesco,1,,1.13,,0.53
11,P,Juventus,PINSOGLIO Carlo,1,3.87,3.47,0.94,1.20
12,C,Empoli,BELARDINELLI Luca,1,,1.26,,
13,P,Empoli,BRANCOLINI Federico,1,,,,
14,P,Como,VIGORITO Mauro,1,,,,
15,C,Serie Minori,LELLA Nunzio,1,,1.26,,3.85
16,P,Serie Minori,CHIORRA Niccolo,1,,,,
17,P,Lazio,FURLANETTO Alessio,1,,1.12,,0.50
18,P,Verona,BERARDI Alessandro,1,,,,1.06
19,P,Parma,CORVI Edoardo,1,,1.26,,
20,P,Cagliari,CIOCCI Giuseppe,1,,1.15,,
21,P,Venezia,STANKOVIC Filip,1,,,,1.06
22,P,Udinese,SAVA Razvan,1,,,,
23,P,Serie Minori,BOER Pietro,1,,,,
24,P,Serie Minori,RINALDI Filippo,1,,,,
25,P,Torino,PALEARI Alberto,1,,1.14,,
26,A,Empoli,EKONG Emmanuel,1,,1.26,,
27,P,Venezia,BERTINATO Bruno,1,,,,
28,P,Bologna,BAGNOLINI Nicola,1,,1.26,,
29,P,Milan,NAVA Lapo,1,1.75,1.88,,0.53
30,D,Serie Minori,GUARINO Gabriele,1,,1.26,,
31,C,Serie Minori,DEGLI INNOCENTI Duccio,1,,,,
32,P,Lecce,SAMOOJA Jasper,1,,,,
33,P,Serie Minori,SORRENTINO Alessandro,1,,,,
34,P,Verona,PERILLI Simone,1,,,,1.06
35,C,Lecce,CORFITZEN Jeppe,1,,1.26,,
36,C,Serie Minori,AMATUCCI Lorenzo,1,,,,
37,C,Roma,PISILLI Niccolo,1,,1.16,,0.53
38,A,Monza,DIAW Davide,1,,1.26,,9.63
39,P,Torino,POPA Mihai,1,,1.26,,
40,C,Milan,ZEROLI Kevin,1,,1.26,,
41,P,Fiorentina,MARTINELLI Tomasso,1,,,,
42,C,Empoli,MARIANUCCI Luca,1,,2.53,,
43,A,Lecce,BURNETE Rares,1,,2.53,,
44,A,Torino,NJIE Alieu,1,,1.26,,
45,A,Cagliari,MUTANDWA Kingstone,1,,1.89,,
46,P,Lazio,MANDAS Christos,1,2.32,2.22,1.30,1.44
47,A,Roma,JOAO COSTA -,1,,,,1.92
48,A,Estero,JOAO COSTA -,1,,,,1.92
49,A,Verona,CRUZ Juan Manuel,1,,1.26,,9.63
50,A,Genoa,PAPADOPOULOS Christos,1,,1.26,,
51,D,Genoa,PITTINO Tommaso,1,,1.26,,0.44
52,P,Roma,MARIN Renato,1,,1.09,,0.53
53,P,Bologna,BYAR Naïm,1,,,,
54,P,Cagliari,SHERRI Alen,1,,1.20,,
55,C,Juventus,ADZIC Vasilije,1,,1.20,,0.53
56,P,Lecce,FRUCHTL Christian,1,,,,
57,P,Milan,TORRIANI Lorenzo,1,4.65,4.07,,0.51
58,C,Milan,LIBERALI Mattia,1,,1.20,,
59,P,Parma,CHICHIZOLA Leandro,1,,0.87,,
60,D,Roma,SANGARE Buba,1,,1.26,,
61,C,Roma,GRAZIANI Leonardo,1,,1.26,,
62,P,Venezia,GRANDI Matteo,1,,,,
63,C,Venezia,DOUMBIA Issa,1,,1.26,,0.44
64,D,Genoa,MARCANDALLI Alessandro,1,,1.26,,0.44
65,A,Genoa,EKHATOR Jeff,1,,1.26,,
66,A,Genoa,ACCORNERO Federico,1,,1.26,,
67,C,Verona,SISHUBA Ayanda,1,,1.26,,
68,P,Genoa,LEALI Nicola,2,,1.01,,
69,C,Serie Minori,JAJALO Mato,2,,2.53,,
70,P,Serie Minori,RADUNOVIC Boris,2,,,,
71,P,Serie Minori,RADUNOVIC Boris,2,,,,
72,P,Atalanta,RUI PATRICIO -,2,3.36,3.21,1.03,1.45
73,D,Genoa,PAJAC Marko,2,,2.53,,
74,P,Empoli,PERISAN Samuele,2,,1.26,,
75,P,Bologna,RAVAGLIA Federico,2,2.31,2.36,,0.88
76,D,Monza,BETTELLA Davide,2,,,,
77,D,Serie Minori,BETTELLA Davide,2,,,,
78,C,Torino,HORVATH Krisztofer,2,,2.53,,
79,C,Estero,HORVATH Krisztofer,2,,2.53,,
80,D,Udinese,EBOSSE Enzo,2,,1.84,,
81,C,Torino,DEMBELE Ali,2,,2.53,,
82,D,Serie Minori,CASSANDRO Tommaso,2,,,,
83,C,Torino,CIAMMAGLICHELLA Aaron,2,,,,
84,D,Genoa,MATTURRO Alan,2,,2.53,,
85,D,Fiorentina,COMUZZO Pietro,2,,1.47,,1.50
86,D,Bologna,CORAZZA Tommaso,2,,2.53,,
87,D,Empoli,GOGLICHIDZE Saba,2,,1.26,,1.76
88,A,Genoa,ANKEYE David,2,,1.68,,
89,D,Como,KOVACIK Peter,2,,2.53,,0.48
90,D,Estero,KOVACIK Peter,2,,2.53,,0.48
91,A,Como,JASIM Ali,2,,1.84,,
92,A,Estero,GIOACCHINI Nicholas,2,,,,
93,A,Parma,KOWALSKI Mateusz,2,,1.68,,1.76
94,A,Parma,PARTIPILO Anthony,2,,,,
95,A,Serie Minori,PARTIPILO Anthony,2,,,,
96,D,Venezia,LUCCHESI Lorenzo,2,,2.53,,
97,D,Serie Minori,LUCCHESI Lorenzo,2,,2.53,,
98,P,Monza,CRAGNO Alessio,3,,1.08,,
99,P,Como,REINA Pepe,3,1.35,9.76,,1.77
100,D,Parma,DI CHIARA Gianluca,3,,3.80,,
101,C,Como,KONE Ben Lhassine,3,,,,
102,P,Monza,PIZZIGNACCO Semuel,3,,3.32,,1.59
103,D,Parma,BALOGH Botond,3,,3.30,,0.92
104,A,Parma,CHARPENTIER Gabriel,3,,,,
105,C,Fiorentina,BIANCO Alessandro,3,,,,
106,C,Monza,BIANCO Alessandro,3,,,,
107,D,Venezia,SVOBODA Michael,3,,2.65,,2.65
108,C,Venezia,CRNIGOJ Domen,3,,3.80,,
109,C,Genoa,BOHINEN Emil,3,,,,
110,C,Estero,LISTKOWSKI Marcin,3,,,,
111,D,Torino,DELLAVALLE Alessandro,3,,,,
112,D,Serie Minori,DELLAVALLE Alessandro,3,,,,
113,P,Inter,MARTINEZ Josep,3,1.57,2.78,1.45,2.33
114,D,Verona,GHILARDI Daniele,3,,3.80,,
115,P,Fiorentina,CHRISTENSEN Oliver,3,,1.12,,2.65
116,C,Atalanta,PALESTRA Marco,3,,,,
117,A,Milan,CAMARDA Francesco,3,,5.48,1.94,4.05
118,C,Verona,BELAHYANE Reda,3,,2.24,,2.65
119,C,Como,CHAJIA Moutir,3,,,,
120,P,Juventus,PERIN Mattia,4,3.39,3.42,1.74,2.52
121,A,Como,CERRI Alberto,4,,5.06,,
122,D,Como,SALA Marco,4,,,,
123,C,Serie Minori,DI PARDO Alessandro,4,,,,
124,P,Napoli,CAPRILE Elia,4,2.97,3.05,1.23,2.36
125,C,Parma,CAMARA Drissa,4,,,,
126,D,Milan,TERRACCIANO Filippo,4,,2.53,,3.53
127,D,Parma,VALENTI Lautaro,4,,6.33,,
128,D,Cagliari,OBERT Adam,4,,,,
129,C,Venezia,HAPS Ridgeciano,4,,,,
130,D,Empoli,SAMBIA Junior,4,,,,
131,C,Torino,GINEITIS Gvidas,4,,1.26,,
132,C,Fiorentina,INFANTINO Gino,4,,,,
133,D,Bologna,ILIC Mihajlo,4,,,,4.24
134,A,Udinese,BRAVO Iker,4,,5.86,,1.76
135,C,Estero,ESTEVES Goncalo do Lago Pontes,4,,0.95,,
136,D,Empoli,DE SCIGLIO Mattia,5,,3.11,,1.36
137,D,Bologna,DE SILVESTRI Lorenzo,5,,,,5.30
138,D,Como,BARBA Federico,5,,,,2.73
139,C,Empoli,HAAS Nicolas,5,,,,
140,C,Serie Minori,BELLEMO Alessandro,5,,,,
141,P,Estero,MUSSO Juan,5,,0.73,,
142,C,Serie Minori,MACHIN José,5,,,,
143,D,Venezia,CARBONI Franco Ezequiel,5,,,,
144,A,Venezia,RAIMONDO Antonio,5,,6.33,,
145,C,Lecce,BERISHA Medon,5,,,,
146,C,Estero,CAJUSTE Jens,5,,,,5.30
147,C,Juventus,HASA Luis,5,,,,
148,C,Lecce,HASA Luis,5,,,,
149,D,Cagliari,WIETESKA Mateusz,5,,4.22,,5.30
150,D,Torino,SAZONOV Saba,5,,0.84,,
151,D,Empoli,SAZONOV Saba,5,,0.84,,
152,D,Serie Minori,IOANNOU Nicholas,5,,,,
153,A,Como,GABRIELLONI Alessandro,5,,,,
154,D,Juventus,SAVONA Nicolo,5,7.55,7.81,4.82,4.62
155,D,Verona,OKOU Yllan,5,,1.15,,
156,D,Lecce,JEAN Gaby,5,,,,
157,C,Udinese,ATTA Arthur,5,,,,
158,D,Napoli,JESUS Juan,6,,,,6.36
159,A,Lecce,SANSONE Nicola,6,,,,
160,C,Como,BASELLI Daniele,6,,7.60,,
161,D,Como,GOLDANIGA Edoardo,6,,7.60,,3.18
162,D,Atalanta,TOLOI Rafael,6,,0.70,,7.42
163,D,Udinese,KABASELE Christian,6,,3.27,,
164,A,Torino,PELLEGRI Pietro,6,,,,
165,A,Empoli,PELLEGRI Pietro,6,,,,
166,D,Milan,GABBIA Matteo,6,,2.35,,0.48
167,D,Estero,KARSDORP Rick,6,,,,
168,D,Bologna,BONIFAZI Kevin,6,,,,
169,D,Lecce,BONIFAZI Kevin,6,,,,
170,C,Cagliari,ADOPO Ndary,6,,,,
171,C,Bologna,URBANSKI Kacper,6,,,,
172,D,Estero,OSTIGARD Leo,6,,,,
173,D,Empoli,CACACE Liberato,6,,0.84,,
174,A,Juventus,MBANGULA Samuel,6,8.15,9.58,3.56,6.73
175,C,Cagliari,AZZI Paulo,6,,4.43,,
176,C,Udinese,ZARRAGA Oier,6,,,,
177,D,Como,IOVINE Alessio,6,,3.33,,0.48
178,D,Parma,COULIBALY Woyo,6,2.46,3.09,,4.14
179,A,Udinese,PIZARRO Damian,6,,,,
180,C,Venezia,SAGRADO Richie,6,,,,
181,D,Como,KEMPF Marc,6,,7.60,,2.91
182,D,Fiorentina,MORENO Matías,6,,2.53,,
183,A,Lazio,PEDRO -,7,,,,
184,C,Lazio,AKPA AKPRO Jean-Daniel,7,,,,
185,D,Milan,FLORENZI Alessandro,7,,,,
186,D,Monza,D'AMBROSIO Danilo,7,,1.15,,
187,D,Lazio,HYSAJ Elseid,7,,,,
188,C,Napoli,MARIO RUI Silva Duarte,7,,10.36,,0.53
189,C,Venezia,ZAMPANO Francesco,7,,3.63,,
190,C,Fiorentina,CATALDI Danilo,7,,2.64,,
191,C,Torino,MASINA Adam,7,1.16,2.54,1.00,3.41
192,C,Torino,LINETTY Karol,7,,3.03,,0.53
193,D,Lazio,PELLEGRINI Luca,7,,,,7.42
194,A,Torino,KARAMOH Yann,7,,5.91,,
195,C,Torino,RADONJIC Nemanja,7,,,,
196,C,Estero,RADONJIC Nemanja,7,,,,
197,C,Cagliari,FELICI Mattia,7,,3.45,,10.31
198,D,Monza,CARBONI Andrea,7,2.13,7.38,,3.09
199,C,Parma,CYPRIEN Wylan,7,,6.90,,
200,D,Parma,OSORIO Yordan,7,,0.84,,0.96
201,D,Empoli,STOJANOVIC Petar,7,,,,
202,D,Serie Minori,STOJANOVIC Petar,7,,,,
203,C,Atalanta,SULEMANA -,7,,,,
204,C,Udinese,ZEMURA Jordan,7,,,,
205,C,Atalanta,BAKKER Mitchel,7,,,,
206,C,Estero,BAKKER Mitchel,7,,,,
207,D,Inter,BISSECK Yann Aurel,7,2.97,3.13,2.67,8.52
208,C,Lecce,KABA Mohamed,7,,,,
209,C,Torino,PEDERSEN Marcus,7,,1.26,,
210,D,Cagliari,CHATZIDIAKOS Pantelis,7,,,,7.42
211,D,Estero,CHATZIDIAKOS Pantelis,7,,,,7.42
212,C,Verona,DANI SILVA -,7,,,,
213,D,Venezia,SVERKO Marin,7,,4.09,,6.18
214,C,Venezia,KOFOD ANDERSEN Magnus,7,,0.69,,
215,D,Inter,PALACIOS Tomas,7,,8.93,,
216,D,Estero,RUGANI Daniele,8,,,,8.48
217,D,Verona,FARAONI Davide,8,,0.84,,8.48
218,A,Cagliari,PAVOLETTI Leonardo,8,,,,
219,C,Monza,VALOTI Mattia,8,,3.45,,
220,C,Cagliari,DEIOLA Alessandro,8,,1.26,,
221,D,Verona,CECCHERINI Federico,8,,,,
222,D,Serie Minori,CECCHERINI Federico,8,,,,
223,C,Monza,PEREIRA Pedro,8,,,,
224,C,Cagliari,JANKTO Jakub,8,,,,
225,C,Napoli,ZERBIN Alessio,8,,,,
226,C,Estero,HATEBOER Hans,8,,,,
227,D,Venezia,ALTARE Giorgio,8,,1.94,,7.77
228,D,Bologna,LYKOGIANNIS Charalampos,8,,3.60,,9.01
229,C,Venezia,CANDELA Antonio,8,,1.11,,4.06
230,D,Empoli,EBUEHI Tyronne,8,,,,
231,D,Empoli,WALUKIEWICZ Sebastian,8,,6.86,,0.50
232,D,Torino,WALUKIEWICZ Sebastian,8,,6.86,,0.50
233,D,Juventus,DJALO Tiago,8,,1.05,,
234,D,Estero,DJALO Tiago,8,,1.05,,
235,C,Torino,VOJVODA Mergim,8,1.46,1.51,2.94,
236,C,Fiorentina,BOVE Edoardo,8,4.39,3.79,,4.77
237,C,Inter,ASLLANI Kristjan,8,2.54,7.51,,3.53
238,C,Napoli,MAZZOCCHI Pasquale,8,1.52,6.57,1.18,2.44
239,A,Venezia,BJARKASON Bjarki,8,,,,
240,C,Genoa,ZANOLI Alessandro,8,1.07,3.00,,0.53
241,D,Verona,COPPOLA Diego,8,2.58,4.69,,6.14
242,D,Lazio,GILA Mario,8,2.01,4.57,1.23,6.89
243,C,Monza,BIRINDELLI Samuele,8,,2.22,,8.48
244,C,Monza,VIGNATO Samuele,8,,1.15,,
245,D,Roma,CELIK Zeki,8,5.35,5.65,,2.37
246,D,Verona,BRADARIC Domagoj,8,,,,
247,C,Venezia,ELLERTSSON Mikael,8,,0.12,,1.06
248,C,Udinese,EBOSELE Festy,8,,,,
249,C,Estero,EBOSELE Festy,8,,,,
250,C,Bologna,MORO Nikola,8,,3.27,,
251,C,Como,ABILDGAARD Oliver,8,,,,
252,C,Serie Minori,ABILDGAARD Oliver,8,,,,
253,C,Cagliari,MAKOUMBOU Antoine,8,,,,9.54
254,C,Genoa,MARTIN Aaron,8,,4.34,3.42,3.00
255,C,Udinese,KAMARA Hassane,8,,1.58,,8.48
256,C,Bologna,EL AZZOUZI Oussama,8,,1.26,,
257,D,Estero,NATAN -,8,,0.84,,
258,A,Empoli,SHPENDI Stiven,8,,,,
259,A,Serie Minori,SHPENDI Stiven,8,,,,
260,D,Udinese,KRISTENSEN Thomas,8,,11.40,,2.68
261,C,Inter,BUCHANAN Tajon,8,,1.11,,0.53
262,C,Como,BRAUNODER Matthias,8,,5.64,,
263,A,Monza,FORSON Omari,8,,1.15,,0.48
264,D,Parma,CIRCATI Alessandro,8,1.91,4.08,3.18,6.01
265,D,Venezia,IDZES Jay,8,,3.41,,5.84
266,D,Lecce,PELMARD Andy,8,,,,10.60
267,C,Genoa,NORTON-CUFFY Brooke,8,,,,
268,C,Como,PERRONE Maximo,8,,2.53,,
269,D,Parma,LEONI Giovanni,8,,1.17,,
270,D,Venezia,SCHINGTIENNE Joël,8,,,,
271,D,Lazio,PATRIC -,9,,9.50,,9.54
272,C,Empoli,GRASSI Alberto,9,,0.84,,
273,D,Empoli,PEZZELLA Giuseppe,9,5.44,5.49,,8.35
274,C,Atalanta,KOVALENKO Viktor,9,,,,
275,C,Estero,KOVALENKO Viktor,9,,,,
276,C,Monza,GAGLIARDINI Roberto,9,,4.92,,
277,D,Bologna,ERLIC Martin,9,2.00,3.09,,7.77
278,P,Udinese,SILVESTRI Marco,9,,0.95,,
279,P,Serie Minori,SILVESTRI Marco,9,,0.95,,
280,D,Parma,DEL PRATO Enrico,9,2.54,3.85,2.73,7.09
281,D,Verona,DAWIDOWICZ Pawel,9,,5.31,,8.74
282,D,Verona,MAGNANI Giangiacomo,9,,,,9.54
283,C,Lazio,ROVELLA Nicolo,9,9.83,9.24,1.23,1.95
284,C,Venezia,NICOLUSSI CAVIGLIA Hans,9,,3.18,,9.01
285,C,Torino,LAZARO Valentino,9,1.23,4.48,1.88,6.36
286,C,Monza,KYRIAKOPOULOS Georgios,9,,2.34,,0.53
287,C,Cagliari,MARIN Razvan,9,1.41,5.57,3.30,4.77
288,C,Parma,ESTEVEZ Nahuel,9,,9.78,,
289,D,Genoa,DE WINTER Koni,9,1.60,4.24,,5.34
290,C,Lecce,RAFIA Hamza,9,,0.95,,
291,C,Empoli,MALEH Youssef,9,,6.54,,
292,C,Lecce,COULIBALY Lassana,9,,1.26,,
293,A,Fiorentina,BREKALO Josip,9,,,,
294,A,Estero,BREKALO Josip,9,,,,
295,D,Estero,GENDREY Valentin,9,,1.20,,
296,C,Monza,BONDO Warren,9,,5.61,0.94,1.21
297,D,Verona,DANILIUC Flavius,9,,,,
298,A,Empoli,SOLBAKKEN Ola,9,,2.89,,
299,C,Lecce,DORGU Patrick,9,4.71,5.27,6.41,8.87
300,C,Estero,JOAO FERREIRA Fonseca Ferreira,9,,,,
301,A,Verona,TAVSAN Elayis,9,,,,
302,A,Serie Minori,TAVSAN Elayis,9,,,,
303,A,Verona,MITROVIC Stefan,9,,,,
304,A,Estero,MITROVIC Stefan,9,,,,
305,D,Lecce,GASPAR Kialonda,9,4.65,5.45,2.32,6.97
306,D,Roma,DAHL Samuel,9,,2.46,,0.48
307,C,Como,ENGELHARDT Yannik,9,,0.99,,
308,C,Verona,ALIDOU Faride,9,,,,
309,D,Como,VAN DER BREMPT Ignace,9,,,,
310,C,Venezia,YEBOAH John,9,,,,
311,D,Monza,IZZO Armando,10,12.36,15.17,,5.18
312,A,Monza,PETAGNA Andrea,10,,12.66,,
313,C,Verona,KASTANOS Grigoris,10,,11.08,,5.30
314,A,Venezia,PIERINI Nicholas,10,,8.44,,
315,A,Serie Minori,PIERINI Nicholas,10,,8.44,,
316,A,Genoa,EKUBAN Caleb,10,,,,
317,P,Genoa,GOLLINI Pierluigi,10,12.75,13.16,10.04,13.01
318,D,Cagliari,PALOMINO José Luis,10,11.22,13.69,,4.84
319,C,Cagliari,VIOLA Nicolas,10,,11.76,,
320,D,Lazio,LAZZARI Manuel,10,11.57,12.26,10.16,12.88
321,C,Empoli,ZURKOWSKI Szymon,10,11.54,14.23,12.66,14.82
322,A,Serie Minori,CAPUTO Francesco,10,,,,
323,C,Cagliari,ZAPPA Gabriele,10,,11.34,,
324,C,Bologna,POBEGA Tommaso,10,,11.19,9.42,12.12
325,P,Monza,TURATI Stefano,10,11.31,13.88,9.71,12.33
326,C,Parma,HERNANI -,10,,11.52,,11.66
327,C,Genoa,THORSBY Morten,10,,9.50,,
328,D,Monza,CALDIROLA Luca,10,,12.49,,5.30
329,C,Parma,SOHM Simon,10,11.32,12.06,10.01,12.11
330,C,Cagliari,ZORTEA Nadir,10,12.01,14.72,9.81,12.41
331,D,Empoli,VITI Mattia,10,12.27,14.68,,5.07
332,C,Fiorentina,PARISI Fabiano,10,,11.84,9.71,12.36
333,D,Genoa,VOGLIACCO Alessandro,10,11.05,11.15,9.42,14.57
334,A,Estero,SUCCESS Isaac,10,,,,
335,C,Fiorentina,ADLI Yacine,10,10.11,11.24,10.06,19.43
336,A,Fiorentina,IKONE Jonathan,10,,11.51,,
337,D,Parma,VALERI Emanuele,10,11.34,14.14,10.01,12.48
338,A,Venezia,GYTKJAER Christian,10,,11.51,,
339,C,Monza,CIURRIA Patrick,10,12.09,15.10,,
340,D,Milan,THIAW Malick,10,,10.87,,12.86
341,C,Udinese,EHIZIBUE Kingsley,10,11.58,11.97,,
342,C,Fiorentina,KAYODE Michael,10,,12.27,9.42,
343,C,Milan,MUSAH Yunus,10,,11.93,,4.85
344,C,Cagliari,PRATI Matteo,10,11.45,11.81,,4.81
345,C,Verona,SERDAR Suat,10,,10.55,,
346,A,Udinese,DAVIS Keinan,10,,12.66,,
347,A,Lecce,PIEROTTI Santiago,10,,12.66,,
348,D,Verona,FRESE Martin,10,12.06,14.72,,5.09
349,A,Verona,LIVRAMENTO Dailon,10,,11.52,,13.25
350,D,Napoli,MARIN Rafa,10,12.05,14.20,,6.40
351,A,Como,FADERA Alieu,10,,,,
352,D,Lecce,GUILBERT Frédéric,10,,12.66,,4.41
353,D,Roma,ABDULHAMID Saud,10,,10.55,,
354,D,Udinese,TOURE Isaak,10,,,,
355,C,Udinese,RUI MODESTO Muati Modesto,10,,10.85,,
356,D,Inter,DE VRIJ Stefan,11,12.29,12.34,,6.00
357,C,Lazio,VECINO Matias,11,12.84,13.07,12.95,13.25
358,P,Lecce,FALCONE Wladimiro,11,13.55,16.60,10.19,14.98
359,P,Como,AUDERO Emil,11,12.48,12.89,,6.36
360,C,Genoa,SABELLI Stefano,11,,12.17,10.19,13.21
361,D,Genoa,BANI Mattia,11,,12.31,10.36,13.08
362,D,Lazio,MARUSIC Adam,11,,12.20,,5.51
363,A,Fiorentina,SOTTIL Riccardo,11,,12.03,,
364,D,Fiorentina,RANIERI Luca,11,12.87,15.75,,5.77
365,A,Fiorentina,KOUAME Christian,11,,9.86,,
366,P,Venezia,JORONEN Jesse,11,,12.44,,5.83
367,A,Empoli,ESPOSITO Sebastiano,11,12.43,15.26,,18.36
368,C,Cagliari,AUGELLO Tommaso,11,12.66,13.25,,4.85
369,C,Empoli,HENDERSON Liam,11,,13.08,,
370,D,Lecce,GALLO Antonino,11,13.43,16.09,11.56,13.89
371,C,Roma,SAELEMAEKERS Alexis,11,12.26,13.11,12.89,15.02
372,A,Estero,NZOLA M'Bala,11,,,,
373,D,Empoli,ISMAJLI Ardian,11,,12.54,,5.50
374,C,Roma,ZALEWSKI Nicola,11,,13.27,,
375,C,Genoa,MIRETTI Fabio,11,13.18,16.46,,6.44
376,D,Udinese,PEREZ Nehuen,11,,12.57,,5.83
377,D,Estero,PEREZ Nehuen,11,,12.57,,5.83
378,C,Napoli,OLIVERA Mathías,11,12.54,15.49,10.80,13.48
379,P,Empoli,VASQUEZ Devis,11,,11.99,,5.94
380,A,Bologna,KARLSSON Jesper,11,,12.93,,
381,D,Udinese,GIANNETTI Lautaro,11,12.63,15.69,11.03,14.76
382,A,Bologna,CASTRO Santiago,11,17.73,20.40,11.16,17.63
383,D,Como,MORENO Alberto,11,13.26,15.76,10.36,13.08
384,C,Lazio,DELE-BASHIRU Fisayo,11,13.45,13.90,10.68,13.65
385,A,Verona,SARR Amin,11,,,,
386,A,Bologna,DOMINGUEZ Benjamín,11,,,,
387,C,Napoli,GILMOUR Billy,11,13.26,18.36,,4.85
388,C,Parma,KEITA Mandela,11,,13.93,,
389,C,Atalanta,CUADRADO Juan,12,,13.51,12.01,37.10
390,D,Lazio,ROMAGNOLI Alessio,12,15.44,18.41,11.50,14.48
391,C,Genoa,BADELJ Milan,12,,13.67,,6.36
392,C,Verona,LAZOVIC Darko,12,13.82,14.10,14.06,16.65
393,A,Inter,ARNAUTOVIC Marko,12,12.48,13.79,,
394,D,Roma,SMALLING Chris,12,,12.58,,12.67
395,D,Estero,SMALLING Chris,12,,12.58,,12.67
396,P,Cagliari,SCUFFET Simone,12,14.42,15.04,11.55,14.73
397,C,Fiorentina,BARAK Antonin,12,,13.67,,6.36
398,C,Estero,BARAK Antonin,12,,13.67,,6.36
399,A,Napoli,RASPADORI Giacomo,12,20.76,25.26,14.13,19.25
400,D,Cagliari,MINA Yerry,12,14.36,17.40,11.13,14.01
401,C,Torino,SOSA Borna,12,13.57,13.84,12.24,14.87
402,C,Fiorentina,AMRABAT Sofyan,12,,14.21,,6.36
403,C,Estero,AMRABAT Sofyan,12,,14.21,,6.36
404,C,Juventus,KOSTIC Filip,12,,12.95,,6.36
405,C,Estero,KOSTIC Filip,12,,12.95,,6.36
406,A,Milan,JOVIC Luka,12,,13.58,13.07,15.73
407,C,Atalanta,BRESCIANINI Marco,12,21.66,26.29,29.22,33.67
408,P,Verona,MONTIPO' Lorenzo,12,13.74,16.76,11.43,14.31
409,D,Lazio,CASALE Nicolò,12,15.56,17.98,11.30,14.33
410,D,Bologna,CASALE Nicolò,12,15.56,17.98,11.30,14.33
411,A,Roma,SHOMURODOV Eldor,12,,15.73,,6.89
412,C,Empoli,FAZZINI Jacopo,12,13.55,16.67,11.01,14.44
413,D,Monza,MARI Pablo,12,14.37,17.70,11.13,14.00
414,D,Udinese,BIJOL Jaka,12,13.54,14.31,12.50,15.95
415,D,Torino,SCHUURS Perr,12,16.60,19.30,,
416,D,Bologna,BEUKEMA Sam,12,14.33,17.52,11.13,14.15
417,C,Lecce,RAMADANI Ylber,12,,12.13,,13.78
418,A,Estero,CHEDDIRA Walid,12,,,,11.56
419,P,Udinese,OKOYE Maduka,12,13.66,16.98,14.99,16.61
420,D,Bologna,MIRANDA Juan,12,13.70,16.81,11.66,15.35
421,D,Lazio,NUNO TAVARES -,12,13.93,14.96,16.01,18.79
422,C,Lecce,PIERRET Balthazar,12,,13.30,,6.05
423,P,Parma,SUZUKI Zion,12,13.55,13.81,12.72,15.21
424,C,Udinese,EKKELENKAMP Jurgen,12,,13.47,,6.36
425,D,Lazio,GIGOT Samuel,12,,12.32,,12.72
426,A,Lecce,REBIC Ante,13,,14.44,,6.31
427,C,Inter,DARMIAN Matteo,13,14.69,15.76,12.91,16.29
428,D,Atalanta,KOLASINAC Sead,13,15.00,18.28,13.04,16.54
429,C,Roma,PAREDES Leandro,13,17.52,20.60,13.93,18.31
430,D,Milan,CALABRIA Davide,13,14.34,14.93,12.86,15.52
431,C,Verona,DUDA Ondrej,13,16.90,20.22,12.05,15.62
432,P,Fiorentina,DE GEA David,13,21.49,24.54,18.84,21.33
433,A,Cagliari,LAPADULA Gianluca,13,,16.46,,6.89
434,C,Monza,SENSI Stefano,13,,14.89,15.07,
435,A,Udinese,DEULOFEU Gerard,13,,,,
436,A,Bologna,ODGAARD Jens,13,,14.96,,6.89
437,C,Torino,TAMEZE Adrien,13,,14.07,12.24,
438,D,Juventus,KALULU Pierre,13,15.18,18.51,12.63,16.02
439,C,Juventus,MCKENNIE Weston,13,14.39,14.89,12.24,15.23
440,C,Parma,CANCELLIERI Matteo,13,14.27,14.27,12.93,16.50
441,C,Venezia,BUSIO Gianluca,13,15.31,18.70,12.63,16.36
442,D,Genoa,VASQUEZ Johan,13,15.33,18.89,12.64,16.36
443,D,Juventus,GATTI Federico,13,18.56,21.09,17.23,18.85
444,D,Lecce,BASCHIROTTO Federico,13,14.79,18.44,12.79,16.84
445,D,Bologna,LUCUMI Jhon,13,14.93,18.10,11.48,15.19
446,D,Fiorentina,PONGRACIC Marin,13,15.19,18.68,13.10,18.29
447,D,Juventus,CABAL Juan,13,17.10,20.78,12.01,14.93
448,C,Lecce,OUDIN Remi,13,,13.84,,
449,C,Bologna,ILING-JUNIOR Samuel,13,14.52,18.01,,6.89
450,D,Verona,TCHATCHOUA Jackson,13,14.73,18.23,12.83,15.09
451,C,Udinese,PAYERO Martin,13,,14.74,,7.24
452,D,Atalanta,GODFREY Ben,13,15.82,18.63,,6.68
453,A,Lecce,MORENTE Tete,13,,14.90,,
454,C,Udinese,KARLSTROM Jesper,13,,17.23,,6.89
455,C,Milan,FOFANA Youssouf,13,21.97,23.73,12.63,17.56
456,C,Como,ROBERTO Sergi,13,14.18,17.66,12.89,15.39
457,C,Roma,KONE Manu,13,15.38,16.90,17.98,18.37
458,D,Como,VARANE Raphaël,14,15.26,16.50,,7.25
459,C,Venezia,DUNCAN Alfred,14,,14.98,,7.28
460,D,Inter,ACERBI Francesco,14,17.22,21.07,15.45,18.41
461,D,Cagliari,LUPERTO Sebastiano,14,16.16,19.95,12.96,17.66
462,D,Atalanta,DJIMSITI Berat,14,16.21,16.65,13.60,17.94
463,D,Roma,HUMMELS Mats,14,,12.66,,
464,C,Napoli,FOLORUNSHO Michael,14,,13.69,13.20,14.39
465,C,Milan,BENNACER Ismael,14,15.27,16.92,,7.30
466,C,Lazio,CASTROVILLI Gaetano,14,16.06,19.49,13.70,17.01
467,A,Empoli,GYASI Emmanuel,14,15.84,17.60,13.60,17.28
468,C,Estero,MIRANCHUK Aleksey,14,,,,
469,A,Parma,MIHAILA Valentin,14,15.09,16.12,14.01,17.39
470,D,Atalanta,SCALVINI Giorgio,14,17.77,21.64,,7.95
471,C,Estero,TESSMANN Tanner,14,,,,13.49
472,C,Bologna,AEBISCHER Michel,14,17.41,20.88,13.77,16.67
473,C,Inter,CARLOS AUGUSTO -,14,15.59,15.97,13.81,17.54
474,D,Bologna,HOLM Emil,14,16.26,20.06,13.18,17.15
475,C,Fiorentina,DODO -,14,16.42,20.08,16.78,19.17
476,D,Atalanta,HIEN Isak,14,15.47,18.99,13.82,18.03
477,A,Napoli,NGONGE Cyril,14,,16.69,,7.42
478,D,Como,DOSSENA Alberto,14,16.08,20.06,22.96,24.06
479,C,Juventus,WEAH Timothy,14,17.85,21.25,13.62,18.96
480,A,Udinese,BRENNER -,14,18.13,21.36,13.30,16.75
481,A,Bologna,NDOYE Dan,14,16.54,19.88,12.36,16.91
482,C,Lecce,MARCHWINSKI Filip,14,15.65,15.89,14.02,17.69
483,A,Parma,BENEDYCZAK Adrian,14,17.78,20.94,,8.48
484,C,Fiorentina,RICHARDSON Amir,14,16.15,16.68,13.63,17.97
485,C,Como,VERDI Simone,15,,15.73,,16.43
486,C,Fiorentina,MANDRAGORA Rolando,15,19.64,23.23,15.67,19.31
487,C,Atalanta,DE ROON Marten,15,20.06,23.48,14.57,19.16
488,A,Juventus,MILIK Arek,15,22.44,25.72,,7.55
489,D,Roma,MANCINI Gianluca,15,19.95,23.21,15.11,20.86
490,C,Juventus,LOCATELLI Manuel,15,17.41,21.56,14.38,19.47
491,C,Como,MAZZITELLI Luca,15,,16.32,14.57,18.51
492,A,Como,CUTRONE Patrick,15,21.29,24.96,14.57,18.72
493,P,Torino,MILINKOVIC Vanja,15,19.71,20.64,16.50,21.28
494,A,Monza,DANY MOTA -,15,,17.04,,7.95
495,A,Udinese,THAUVIN Florian,15,19.32,23.23,16.84,30.43
496,P,Fiorentina,TERRACCIANO Pietro,15,17.05,18.55,14.82,19.09
497,C,Napoli,GAETANO Gianluca,15,16.73,16.86,14.31,20.88
498,C,Cagliari,GAETANO Gianluca,15,16.73,16.86,14.31,20.88
499,C,Torino,RICCI Samuele,15,19.48,22.76,19.86,23.24
500,P,Atalanta,CARNESECCHI Marco,15,21.47,27.96,20.64,27.20
501,D,Fiorentina,MARTINEZ QUARTA Lucas,15,19.65,22.88,14.23,18.30
502,D,Bologna,POSCH Stefan,15,16.62,20.73,14.95,19.34
503,D,Roma,NDICKA Evan,15,16.91,17.07,15.01,19.20
504,D,Roma,ANGELINO Jose,15,16.70,16.78,14.71,18.78
505,C,Roma,LE FEE Enzo,15,17.07,17.64,17.81,20.77
506,A,Como,PAZ Nico,15,16.46,16.62,15.68,19.31
507,D,Torino,MARIPAN Guillermo,15,,19.00,,
508,C,Roma,EL SHAARAWY Stephan,16,17.91,21.83,24.94,28.85
509,P,Bologna,SKORUPSKI Lukasz,16,18.85,21.65,17.50,21.90
510,C,Roma,CRISTANTE Bryan,16,18.39,22.37,17.84,20.86
511,P,Napoli,MERET Alex,16,28.74,32.56,30.07,33.62
512,C,Bologna,FREULER Remo,16,18.09,22.39,22.01,24.12
513,A,Monza,CAPRARI Gianluca,16,,17.36,,18.02
514,P,Lazio,PROVEDEL Ivan,16,18.29,22.94,21.23,23.36
515,C,Juventus,FAGIOLI Nicolo,16,18.04,22.53,14.36,19.03
516,A,Bologna,CAMBIAGHI Nicolo,16,,18.42,,
517,D,Napoli,RRAHMANI Amir,16,18.38,22.29,17.59,21.03
518,C,Genoa,MESSIAS Junior,16,18.47,19.31,14.41,22.93
519,C,Atalanta,RUGGERI Matteo,16,18.21,19.14,16.15,20.68
520,C,Venezia,ORISTANIO Gaetano Pio,16,17.98,22.07,15.52,18.91
521,C,Roma,BALDANZI Tommaso,16,18.96,23.43,14.66,20.43
522,C,Verona,HARROUI Abdou,16,18.25,22.50,15.34,19.47
523,C,Genoa,FRENDRUP Morten,16,18.00,21.50,14.83,19.65
524,A,Lecce,BANDA Lameck,16,,15.88,,16.96
525,C,Lazio,GUENDOUZI Matteo,16,18.89,22.71,16.29,21.54
526,C,Lazio,TCHAOUNA Loum,16,20.15,23.93,16.10,19.52
527,C,Como,DA CUNHA Lucas,16,18.23,18.57,21.65,23.77
528,C,Juventus,THURAM Khéphren,16,24.42,28.66,14.69,23.73
529,A,Parma,BONNY Ange-Yoan,16,21.95,26.61,18.10,25.04
530,D,Torino,COCO Saul,16,18.35,22.29,15.74,18.21
531,D,Milan,EMERSON ROYAL Leite de Souza Júnior,16,17.23,18.75,13.67,19.03
532,D,Atalanta,KOSSOUNOU Odilon,16,18.85,22.13,15.54,19.33
533,D,Roma,HERMOSO Mario,16,18.04,22.09,,10.95
534,C,Atalanta,ZAPPACOSTA Davide,17,18.60,19.19,15.03,19.46
535,A,Monza,DJURIC Milan,17,19.19,23.54,19.45,23.14
536,C,Napoli,SPINAZZOLA Leonardo,17,18.63,18.75,20.21,20.52
537,A,Napoli,SIMEONE Giovanni,17,20.50,24.34,,8.32
538,D,Napoli,BUONGIORNO Alessandro,17,22.83,27.42,19.86,25.98
539,C,Atalanta,BELLANOVA Raoul,17,23.48,28.66,22.92,29.03
540,D,Juventus,DANILO -,17,18.94,23.27,15.85,21.56
541,D,Inter,PAVARD Benjamin,17,21.99,26.66,20.77,25.11
542,A,Cagliari,PICCOLI Roberto,17,19.25,22.95,15.41,20.51
543,C,Como,STREFEZZA Gabriel,17,18.10,18.78,24.27,26.50
544,A,Monza,MALDINI Daniel,17,19.24,23.10,19.03,21.91
545,C,Napoli,LOBOTKA Stanislav,17,18.78,22.66,16.67,22.03
546,A,Empoli,COLOMBO Lorenzo,17,20.13,24.84,20.22,25.91
547,A,Cagliari,LUVUMBO Zito,17,19.01,23.29,16.93,21.58
548,D,Milan,TOMORI Fikayo,17,18.10,18.85,17.00,23.26
549,D,Juventus,CAMBIASO Andrea,17,23.07,28.70,24.69,31.04
550,P,Roma,SVILAR Mile,17,24.74,25.93,24.27,28.55
551,C,Udinese,LOVRIC Sandi,17,19.57,23.52,15.58,20.09
552,A,Parma,ALMQVIST Pontus,17,,28.66,17.01,20.10
553,A,Milan,OKAFOR Noah,17,19.02,20.23,14.21,19.06
554,C,Milan,CHUKWUEZE Samuel,17,25.20,28.34,22.38,26.73
555,A,Fiorentina,BELTRAN Lucas,17,19.99,22.07,17.01,21.87
556,C,Verona,SUSLOV Tomas,17,19.42,23.16,15.98,21.35
557,A,Genoa,VITINHA -,17,20.48,21.92,15.76,22.28
558,A,Verona,MOSQUERA Daniel,17,19.13,23.60,15.85,22.08
559,D,Milan,PAVLOVIC Strahinja,17,20.73,25.85,20.88,27.20
560,A,Verona,TENGSTEDT Casper,17,18.31,19.05,,8.93
561,C,Fiorentina,BIRAGHI Cristiano,18,21.18,24.60,21.27,25.89
562,P,Milan,MAIGNAN Mike,18,29.02,34.92,28.81,37.84
563,C,Inter,DUMFRIES Denzel,18,19.65,23.11,17.24,22.56
564,C,Milan,REIJNDERS Tijjani,18,19.47,24.38,16.13,20.77
565,A,Estero,TOURE El Bilal,18,,12.66,,
566,A,Lazio,ISAKSEN Gustav,18,21.56,27.82,20.56,26.21
567,C,Inter,ZIELINSKI Piotr,19,19.02,19.81,22.51,22.08
568,A,Torino,SANABRIA Antonio,19,24.70,29.25,23.42,27.31
569,D,Inter,BASTONI Alessandro,19,25.15,30.18,30.52,34.75
570,C,Fiorentina,GOSENS Robin,19,29.14,31.73,36.17,38.52
571,C,Atalanta,ZANIOLO Nicolò,19,23.14,28.44,25.18,30.74
572,D,Juventus,BREMER Gleison,19,27.14,32.37,23.67,31.54
573,C,Genoa,MALINOVSKIY Ruslan,19,21.82,25.69,17.89,22.17
574,C,Torino,ILIC Ivan,19,21.24,26.40,18.33,22.59
575,C,Bologna,FABBIAN Giovanni,19,18.10,22.37,20.00,22.54
576,A,Milan,ABRAHAM Tammy,19,23.04,27.54,39.50,41.11
577,C,Napoli,ANGUISSA André Zambo,19,19.34,21.13,17.77,22.54
578,C,Atalanta,EDERSON -,19,23.65,25.16,21.51,28.67
579,A,Juventus,YILDIZ Kenan,19,37.11,47.85,36.08,39.38
580,C,Atalanta,PASALIC Mario,20,23.88,29.77,21.99,30.00
581,C,Monza,PESSINA Matteo,20,23.57,27.47,18.39,24.90
582,C,Inter,MKHITARYAN Henrikh,20,28.67,33.48,23.94,30.05
583,C,Torino,VLASIC Nikola,20,22.59,28.07,16.42,22.10
584,A,Lazio,NOSLIN Tijjani,20,22.15,22.64,29.35,24.22
585,A,Juventus,CONCEICAO Fernandes Francisco,20,20.43,22.71,21.55,29.90
586,P,Juventus,DI GREGORIO Michele,21,45.55,52.73,41.28,53.65
587,D,Milan,HERNANDEZ Theo,21,35.91,42.94,38.11,45.01
588,A,Udinese,SANCHEZ Alexis,22,25.62,31.10,30.98,35.70
589,A,Como,BELOTTI Andrea,22,41.47,42.74,21.52,28.89
590,A,Genoa,PINAMONTI Andrea,22,43.84,46.99,29.79,38.85
591,C,Inter,FRATTESI Davide,22,22.74,23.81,18.72,29.92
592,A,Lazio,DIA Boulaye,22,31.94,37.06,42.83,44.25
593,C,Parma,BERNABE Adrian,22,23.23,24.02,22.57,27.95
594,A,Torino,ADAMS Che,22,22.90,27.87,20.66,26.23
595,A,Venezia,POHJANPALO Joel,22,26.84,32.75,24.69,31.23
596,P,Inter,SOMMER Yann,23,50.80,58.42,53.36,58.05
597,A,Bologna,ORSOLINI Riccardo,23,30.39,33.29,22.26,32.24
598,A,Inter,TAREMI Mehdi,23,42.08,48.09,25.44,35.55
599,C,Fiorentina,COLPANI Andrea,23,29.38,34.10,28.51,35.24
600,C,Napoli,DI LORENZO Giovanni,23,27.60,33.44,21.78,28.18
601,C,Bologna,FERGUSON Lewis,23,26.02,30.86,29.71,33.59
602,A,Lecce,KRSTOVIC Nikola,23,25.96,30.86,19.57,32.88
603,C,Inter,DIMARCO Federico,24,37.37,45.47,44.72,51.91
604,A,Parma,MAN Dennis,24,47.72,53.54,29.78,38.68
605,A,Bologna,DALLINGA Thijs,24,33.12,37.49,26.74,35.25
606,A,Napoli,NERES David Campos,24,36.40,36.96,38.59,38.55
607,A,Fiorentina,KEAN Moise,25,44.00,53.34,27.82,42.81
608,A,Roma,SOULE Matias,25,43.72,49.96,45.64,57.78
609,C,Napoli,MCTOMINAY Scott,25,35.05,43.28,35.98,44.12
610,C,Atalanta,SAMARDZIC Lazar,26,26.93,32.97,24.85,33.85
611,A,Udinese,LUCCA Lorenzo,26,25.91,27.86,30.80,33.27
612,A,Napoli,POLITANO Matteo,27,41.60,44.23,26.40,31.36
613,C,Roma,PELLEGRINI Lorenzo,27,31.72,36.09,31.52,44.37
614,C,Milan,LOFTUS-CHEEK Ruben,27,35.81,39.66,28.83,37.01
615,A,Lazio,CASTELLANOS Valentin,27,46.79,48.67,43.76,75.76
616,C,Juventus,DOUGLAS LUIZ -,27,27.92,35.00,37.15,41.31
617,C,Inter,BARELLA Nicolò,28,46.52,54.26,40.34,51.24
618,A,Estero,CHIESA Federico,28,,28.47,,12.04
619,A,Atalanta,DE KETELAERE Charles,29,33.70,41.81,33.79,51.96
620,A,Lazio,ZACCAGNI Mattia,31,44.80,49.80,36.42,49.01
621,A,Fiorentina,GUDMUNDSSON Albert,31,31.28,42.03,31.58,46.13
622,A,Juventus,GONZALEZ Nicolas,31,53.16,59.04,37.29,42.97
623,C,Juventus,KOOPMEINERS Teun,31,54.01,65.20,50.79,65.99
624,A,Atalanta,LOOKMAN Ademola,32,63.33,67.55,53.30,67.15
625,A,Atalanta,RETEGUI Mateo,32,67.26,71.79,71.56,101.17
626,A,Torino,ZAPATA Duvan,33,80.52,93.80,52.30,80.66
627,C,Inter,CALHANOGLU Hakan,34,75.67,86.48,63.77,86.77
628,A,Atalanta,SCAMACCA Gianluca,35,36.45,39.47,32.38,42.55
629,A,Roma,DOVBYK Artem,36,84.56,88.73,76.03,94.54
630,A,Milan,PULISIC Christian,37,64.63,76.31,50.03,65.97
631,A,Milan,MORATA Alvaro,38,101.85,110.92,58.54,91.85
632,A,Roma,DYBALA Paulo,39,65.28,68.12,53.74,69.37
633,A,Napoli,LUKAKU Romelu,41,107.86,124.03,156.70,148.75
634,A,Milan,LEAO Rafael,41,77.15,90.39,70.80,83.04
635,A,Napoli,OSIMHEN Victor,43,,45.47,,48.76
636,A,Estero,OSIMHEN Victor,43,,45.47,,48.76
637,A,Inter,THURAM Marcus,43,111.45,136.84,113.64,122.98
638,A,Napoli,KVARATSKHELIA Khvicha,44,94.70,111.04,79.99,101.52
639,A,Inter,MARTINEZ Lautaro,49,164.38,193.27,152.60,174.57
640,A,Juventus,VLAHOVIC Dusan,49,142.33,175.00,162.83,151.96
